start,Lingiari
-15.7211,136.9503
-15.7366,136.9556
-15.7398,136.9414
-15.7254,136.9292
-15.6889,136.9388
-15.6837,136.9183
-15.6842,136.9399
-15.6633,136.9474
-15.6604,136.9362
-15.6401,136.9610
-15.6728,136.9907
-15.6344,136.9767
-15.6228,136.9999
-15.5844,136.9913
-15.5948,137.0199
-15.6351,137.0336
-15.6287,137.0671
-15.7129,137.0854
-15.7458,137.0734
-15.7740,137.1062
-15.8461,137.0749
-15.8355,137.0398
-15.7971,137.0344
-15.8055,137.0162
-15.7921,136.9926
-15.7606,136.9893
-15.7490,136.9696
-15.7124,136.9783
-15.7305,136.9638
-15.7098,136.9590
-15.7211,136.9503
end
start,Lingiari
-15.6860,136.7370
-15.6476,136.7346
-15.6404,136.7656
-15.6619,136.8280
-15.6872,136.8371
-15.7003,136.8138
-15.6867,136.7878
-15.7013,136.7795
-15.7033,136.7981
-15.7238,136.8044
-15.7626,136.7384
-15.7356,136.7281
-15.7127,136.7512
-15.7024,136.7308
-15.6860,136.7370
end
start,Lingiari
-15.6119,136.7920
-15.6080,136.7772
-15.5910,136.7893
-15.6032,136.8190
-15.6119,136.7920
end
start,Lingiari
-15.5374,136.5264
-15.5291,136.5701
-15.5108,136.5786
-15.5238,136.6104
-15.5557,136.6173
-15.5812,136.5965
-15.6237,136.6050
-15.6453,136.5896
-15.6398,136.5508
-15.6543,136.5228
-15.6427,136.4942
-15.6226,136.5133
-15.5920,136.5045
-15.5630,136.5220
-15.5445,136.5110
-15.5374,136.5264
end
start,Lingiari
-15.6352,136.8383
-15.6247,136.8516
-15.6183,136.8299
-15.6102,136.8430
-15.6016,136.8310
-15.5818,136.8558
-15.5423,136.8415
-15.5056,136.8806
-15.5320,136.8737
-15.5901,136.9048
-15.6073,136.8619
-15.6134,136.8819
-15.6367,136.8808
-15.6471,136.8454
-15.6352,136.8383
end
start,Lingiari
-15.5603,136.8365
-15.5848,136.8356
-15.5786,136.7735
-15.5600,136.7930
-15.5603,136.8365
end
start,Lingiari
-15.1504,129.2110
-15.1346,129.2193
-15.1349,129.2231
-15.1472,129.2187
-15.1504,129.2110
end
start,Lingiari
-14.8058,129.6923
-14.7835,129.6713
-14.8041,129.7320
-14.8132,129.7198
-14.8058,129.6923
end
start,Lingiari
-13.2084,130.1058
-13.2240,130.1077
-13.2098,130.0850
-13.1940,130.0893
-13.2084,130.1058
end
start,Lingiari
-13.1689,130.0192
-13.1247,130.0167
-13.1112,130.0184
-13.1497,130.0266
-13.1520,130.0576
-13.1742,130.0750
-13.1831,130.0410
-13.1689,130.0192
end
start,Lingiari
-13.4850,136.0768
-13.4651,136.0742
-13.4436,136.0821
-13.4649,136.1091
-13.4850,136.0768
end
start,Lingiari
-13.5052,136.1448
-13.5035,136.1269
-13.4825,136.1217
-13.4191,136.1417
-13.3761,136.1279
-13.3582,136.0925
-13.3575,136.1152
-13.3846,136.1505
-13.4375,136.1771
-13.4514,136.2048
-13.4695,136.1992
-13.4644,136.1770
-13.4853,136.1655
-13.4703,136.1421
-13.5098,136.1677
-13.5641,136.1405
-13.5438,136.1266
-13.5052,136.1448
end
start,Lingiari
-13.4651,136.2658
-13.4618,136.2443
-13.4392,136.2414
-13.4542,136.2696
-13.4651,136.2658
end
start,Lingiari
-12.5563,130.8637
-12.5461,130.8641
-12.5473,130.8717
-12.5583,130.8683
-12.5563,130.8637
end
start,Lingiari
-12.1843,136.1066
-12.1691,136.1406
-12.1901,136.1560
-12.1990,136.1102
-12.1843,136.1066
end
start,Lingiari
-12.1621,136.7501
-12.1612,136.7510
-12.1612,136.7519
-12.1623,136.7513
-12.1621,136.7501
end
start,Lingiari
-12.5621,130.5155
-12.5893,130.5213
-12.6102,130.5029
-12.6811,130.5422
-12.7098,130.5397
-12.7000,130.5242
-12.6617,130.5240
-12.6236,130.4866
-12.5803,130.4847
-12.5621,130.5155
end
start,Lingiari
-12.6241,130.3934
-12.6421,130.3880
-12.6427,130.3689
-12.6194,130.3706
-12.6241,130.3934
end
start,Lingiari
-12.6356,130.9524
-12.6220,130.9450
-12.6173,130.9480
-12.6276,130.9536
-12.6356,130.9524
end
start,Lingiari
-12.6081,130.4083
-12.6151,130.4018
-12.6024,130.3850
-12.6007,130.3916
-12.6081,130.4083
end
start,Lingiari
-12.5916,130.3915
-12.5813,130.4043
-12.5960,130.4160
-12.6018,130.4006
-12.5916,130.3915
end
start,Lingiari
-12.5745,130.4315
-12.5920,130.4167
-12.5771,130.4051
-12.5635,130.4206
-12.5745,130.4315
end
start,Lingiari
-12.1078,136.7966
-12.0887,136.7970
-12.0727,136.8239
-12.1382,136.8253
-12.1329,136.8002
-12.1078,136.7966
end
start,Lingiari
-12.1325,136.0279
-12.1035,136.0260
-12.0926,136.0355
-12.1015,136.0475
-12.1596,136.0287
-12.1325,136.0279
end
start,Lingiari
-12.1178,131.0020
-12.0952,131.0321
-12.1090,131.0545
-12.0936,131.0438
-12.1171,131.0719
-12.1301,131.0326
-12.1178,131.0020
end
start,Lingiari
-12.0179,131.1221
-12.0235,131.1045
-12.0149,131.0728
-12.0009,131.1271
-12.0146,131.1354
-12.0179,131.1221
end
start,Lingiari
-12.0875,132.3374
-12.0761,132.4013
-12.1205,132.4219
-12.1393,132.4095
-12.1389,132.3875
-12.0875,132.3374
end
start,Lingiari
-12.1054,134.9241
-12.1388,134.9019
-12.1259,134.8690
-12.0706,134.8661
-12.0429,134.8476
-12.0681,134.9106
-12.1054,134.9241
end
start,Lingiari
-12.0704,131.0625
-12.0527,131.0983
-12.0594,131.1267
-12.0753,131.1059
-12.0704,131.0625
end
start,Lingiari
-12.0535,131.0027
-12.0361,131.0233
-12.0340,131.0640
-12.0554,131.0432
-12.0535,131.0027
end
start,Lingiari
-12.0568,136.1337
-12.0604,136.1396
-12.0534,136.1612
-12.0396,136.1313
-12.0251,136.1333
-12.0410,136.1554
-12.0132,136.1714
-12.0270,136.1925
-12.0007,136.1892
-11.9961,136.2029
-12.0185,136.1985
-12.0359,136.2176
-12.0023,136.2715
-11.9752,136.2818
-11.9747,136.3138
-12.0126,136.3086
-12.0600,136.1977
-12.0766,136.1946
-12.0736,136.1283
-12.0536,136.1173
-12.0568,136.1337
end
start,Lingiari
-12.0319,134.9092
-12.0142,134.9543
-12.0352,134.9906
-12.0645,134.9574
-12.0319,134.9092
end
start,Lingiari
-12.0174,134.7981
-12.0129,134.8031
-12.0167,134.8098
-12.0462,134.8307
-12.0330,134.7981
-12.0174,134.7981
end
start,Lingiari
-13.8524,136.1987
-13.8241,136.2111
-13.7681,136.1856
-13.7853,136.1447
-13.8346,136.1682
-13.8358,136.1278
-13.8175,136.1065
-13.7878,136.1198
-13.7422,136.1091
-13.7222,136.1225
-13.7474,136.1452
-13.7483,136.1736
-13.7070,136.1736
-13.6796,136.1925
-13.6776,136.1813
-13.6624,136.2218
-13.7075,136.2924
-13.7354,136.3018
-13.7477,136.2538
-13.7596,136.2548
-13.7563,136.2763
-13.7870,136.2836
-13.7842,136.2599
-13.8500,136.2478
-13.8524,136.1987
end
start,Lingiari
-13.8579,136.4187
-13.8424,136.4078
-13.8156,136.4225
-13.8408,136.4956
-13.8214,136.5245
-13.7850,136.5308
-13.7891,136.5425
-13.8140,136.5392
-13.8299,136.5661
-13.7985,136.5741
-13.8070,136.5997
-13.7870,136.5940
-13.7887,136.6319
-13.7661,136.6305
-13.7636,136.6076
-13.7325,136.6106
-13.7179,136.5846
-13.6947,136.5913
-13.6933,136.5740
-13.6788,136.6176
-13.6889,136.6365
-13.7060,136.6170
-13.7203,136.6328
-13.7001,136.6474
-13.7021,136.6762
-13.6800,136.6785
-13.6517,136.6949
-13.6633,136.6975
-13.6659,136.7175
-13.6506,136.7259
-13.6622,136.7311
-13.7177,136.7198
-13.7394,136.6810
-13.7749,136.6970
-13.7709,136.7353
-13.7938,136.7124
-13.8431,136.7268
-13.8323,136.7544
-13.8552,136.8014
-13.8498,136.8281
-13.8239,136.8447
-13.8024,136.8372
-13.8341,136.7969
-13.7803,136.8393
-13.7454,136.8393
-13.7641,136.9052
-13.8065,136.9244
-13.8428,136.8839
-13.9128,136.8578
-13.9041,136.8125
-13.9511,136.7708
-14.0083,136.7648
-14.0249,136.7826
-14.0181,136.8075
-14.0358,136.8075
-14.0397,136.7840
-14.0580,136.7773
-14.0464,136.7601
-14.0869,136.7522
-14.0661,136.7376
-14.0686,136.7220
-14.1042,136.7206
-14.1218,136.6998
-14.1878,136.7224
-14.1957,136.7632
-14.1863,136.7886
-14.1694,136.7708
-14.1442,136.7770
-14.1471,136.8006
-14.2107,136.8631
-14.2015,136.8955
-14.1648,136.9181
-14.1376,136.9112
-14.1438,136.9306
-14.1643,136.9283
-14.1648,136.9640
-14.2037,136.9342
-14.2449,136.9598
-14.2603,136.9407
-14.2826,136.9645
-14.2840,136.9352
-14.3032,136.9516
-14.2845,136.9135
-14.3101,136.9048
-14.3079,136.8908
-14.2781,136.8595
-14.2951,136.8424
-14.2774,136.8191
-14.2943,136.8147
-14.2885,136.8027
-14.2706,136.8094
-14.2580,136.7554
-14.2758,136.6942
-14.2977,136.6824
-14.2870,136.6703
-14.2962,136.6498
-14.2650,136.6281
-14.2370,136.4908
-14.1963,136.4373
-14.2023,136.3955
-14.2461,136.3247
-14.2133,136.3244
-14.1694,136.4114
-14.1234,136.4426
-13.9763,136.4081
-13.8935,136.4361
-13.8579,136.4187
end
start,Lingiari
-13.7099,136.5280
-13.7718,136.5417
-13.7927,136.5195
-13.7376,136.4663
-13.7201,136.4715
-13.7185,136.5145
-13.6985,136.5098
-13.7099,136.5280
end
start,Lingiari
-11.4771,133.4506
-11.4666,133.4701
-11.5184,133.4923
-11.5059,133.4344
-11.5466,133.3849
-11.5061,133.4015
-11.4884,133.3900
-11.4771,133.4506
end
start,Lingiari
-11.5768,132.1137
-11.5689,132.1349
-11.6062,132.1493
-11.6272,132.1339
-11.6205,132.1110
-11.5768,132.1137
end
start,Lingiari
-11.6477,133.3926
-11.6735,133.3960
-11.6815,133.3702
-11.6234,133.3495
-11.5843,133.4094
-11.5950,133.4737
-11.6232,133.4800
-11.6170,133.4466
-11.6453,133.4210
-11.6250,133.4124
-11.6348,133.3868
-11.6477,133.3926
end
start,Lingiari
-11.4902,136.4490
-11.4667,136.4728
-11.5319,136.4490
-11.5656,136.3742
-11.5346,136.3665
-11.5503,136.3811
-11.5254,136.3861
-11.4902,136.4490
end
start,Lingiari
-11.7361,130.6109
-11.7352,130.6113
-11.7353,130.6140
-11.7366,130.6127
-11.7361,130.6109
end
start,Lingiari
-11.7125,136.1262
-11.6828,136.1382
-11.6843,136.1457
-11.7057,136.1539
-11.7254,136.1314
-11.7125,136.1262
end
start,Lingiari
-11.5854,136.2797
-11.6031,136.2812
-11.6035,136.3158
-11.5801,136.2954
-11.5708,136.3088
-11.5887,136.3406
-11.5494,136.3607
-11.5840,136.3771
-11.6415,136.2968
-11.6222,136.2897
-11.6210,136.2646
-11.6621,136.2614
-11.6680,136.2307
-11.6529,136.2237
-11.6741,136.2143
-11.6658,136.2039
-11.6930,136.1595
-11.6751,136.1808
-11.6410,136.1695
-11.6565,136.2075
-11.6418,136.2099
-11.6456,136.2307
-11.6183,136.2235
-11.6202,136.2425
-11.6003,136.2397
-11.5725,136.2651
-11.5854,136.2797
end
start,Lingiari
-11.6530,136.0560
-11.7192,135.9933
-11.7039,135.9906
-11.7149,135.9814
-11.6960,135.9501
-11.6705,135.9601
-11.6390,136.0241
-11.6530,136.0560
end
start,Lingiari
-11.0009,136.7568
-11.0054,136.7622
-11.0201,136.7465
-11.0073,136.7365
-11.0009,136.7568
end
start,Lingiari
-11.1450,132.5838
-11.1769,132.5878
-11.1728,132.6248
-11.1861,132.6312
-11.2047,132.6027
-11.2321,132.6192
-11.2847,132.6193
-11.3000,132.5997
-11.3558,132.5879
-11.3107,132.5551
-11.2523,132.5432
-11.1569,132.4698
-11.1382,132.5099
-11.0924,132.5133
-11.0783,132.4856
-11.0371,132.4614
-11.0577,132.5020
-11.0426,132.5272
-11.0524,132.5452
-11.0429,132.5336
-11.0291,132.5599
-10.9791,132.5644
-10.9699,132.5947
-11.0073,132.5791
-11.1297,132.6144
-11.1450,132.5838
end
start,Lingiari
-11.3611,136.5501
-11.3246,136.5829
-11.2817,136.5831
-11.2380,136.6202
-11.2075,136.6248
-11.2098,136.6436
-11.1849,136.6572
-11.1927,136.6872
-11.1679,136.7066
-11.1518,136.6961
-11.1250,136.7066
-11.1197,136.6937
-11.1246,136.7158
-11.1098,136.7221
-11.0923,136.7006
-11.0972,136.7270
-11.0760,136.7375
-11.0547,136.7127
-11.0396,136.7257
-11.0482,136.7451
-11.0338,136.7367
-11.0177,136.7597
-11.1938,136.7200
-11.2248,136.6668
-11.2487,136.6840
-11.2843,136.6250
-11.3287,136.6271
-11.4419,136.5359
-11.4307,136.5183
-11.4608,136.4937
-11.4502,136.4745
-11.4247,136.5019
-11.3922,136.4977
-11.3958,136.5200
-11.3611,136.5501
end
start,Lingiari
-11.9545,135.0569
-11.9192,135.0570
-11.9274,135.1224
-11.9422,135.1075
-11.9545,135.0569
end
start,Lingiari
-11.9016,136.4583
-11.9174,136.4538
-11.9193,136.4348
-11.9031,136.4465
-11.9016,136.4583
end
start,Lingiari
-11.8423,135.8348
-11.8465,135.8571
-11.8041,135.8835
-11.8082,135.9001
-11.7938,135.9037
-11.8032,135.8889
-11.7827,135.8660
-11.7561,135.8755
-11.7750,135.9281
-11.8033,135.9380
-11.8784,135.8579
-11.9646,135.7976
-11.9755,135.7418
-12.0016,135.7348
-12.0178,135.6370
-12.0697,135.5646
-12.0483,135.5541
-11.9593,135.5833
-11.9507,135.5945
-11.9750,135.6320
-11.9649,135.6567
-11.9356,135.6668
-11.9325,135.7150
-11.9392,135.7237
-11.9369,135.7576
-11.9379,135.7339
-11.8702,135.8329
-11.8423,135.8348
end
start,Lingiari
-11.7696,136.5321
-11.7600,136.5358
-11.7809,136.5451
-11.7809,136.5590
-11.7674,136.5576
-11.7786,136.5721
-11.7607,136.5651
-11.7645,136.5876
-11.7441,136.5875
-11.7411,136.6275
-11.7887,136.5798
-11.8053,136.5118
-11.7696,136.5321
end
start,Lingiari
-11.9025,136.3803
-11.8774,136.4105
-11.8551,136.4080
-11.8740,136.4185
-11.8662,136.4266
-11.8942,136.4315
-11.9066,136.3859
-11.9028,136.3669
-11.9025,136.3803
end
start,Lingiari
-11.8944,135.9468
-11.8796,135.9420
-11.8480,135.9822
-11.8511,135.9925
-11.9037,135.9521
-11.8944,135.9468
end
start,Lingiari
-11.8524,136.4695
-11.8012,136.4774
-11.7939,136.4973
-11.8185,136.4998
-11.8466,136.4779
-11.8841,136.4862
-11.9040,136.4641
-11.8524,136.4695
end
start,Lingiari
-11.7701,136.0739
-11.7527,136.0776
-11.7421,136.1017
-11.7721,136.0813
-11.7701,136.0739
end
start,Lingiari
-11.7325,135.9769
-11.7602,135.9605
-11.7639,135.9400
-11.7410,135.9411
-11.7325,135.9769
end
start,Lingiari
-11.8212,130.0521
-11.7758,130.0204
-11.7562,130.0331
-11.7715,130.0734
-11.7688,130.0807
-11.7509,130.0614
-11.6690,130.0765
-11.7072,130.1225
-11.7050,130.1572
-11.6494,130.2023
-11.6644,130.2142
-11.6940,130.2035
-11.7038,130.2216
-11.7149,130.2132
-11.7105,130.2150
-11.7049,130.2112
-11.7049,130.2072
-11.7067,130.2049
-11.7248,130.2065
-11.7466,130.2372
-11.7239,130.2355
-11.7173,130.2171
-11.7039,130.2298
-11.6938,130.2065
-11.6704,130.2230
-11.6927,130.2255
-11.6809,130.2328
-11.7068,130.2609
-11.6986,130.2835
-11.7257,130.2950
-11.7330,130.3059
-11.6921,130.2931
-11.6980,130.2613
-11.6786,130.2463
-11.6751,130.2584
-11.6617,130.2655
-11.6732,130.2535
-11.6311,130.2177
-11.6426,130.1912
-11.5855,130.2008
-11.5578,130.1748
-11.5161,130.1956
-11.5072,130.2249
-11.5392,130.2389
-11.5373,130.2553
-11.5710,130.2614
-11.5812,130.2812
-11.5593,130.2631
-11.5398,130.2832
-11.5427,130.2633
-11.5271,130.2608
-11.5209,130.2353
-11.4951,130.2394
-11.4847,130.2308
-11.5115,130.2088
-11.4844,130.1851
-11.4820,130.1479
-11.4292,130.1801
-11.4069,130.2301
-11.3666,130.2451
-11.3884,130.2386
-11.3981,130.2478
-11.3464,130.2516
-11.3429,130.2803
-11.3570,130.2824
-11.3612,130.2864
-11.3433,130.2866
-11.3186,130.3374
-11.3385,130.3536
-11.3461,130.3535
-11.3333,130.3481
-11.3304,130.3442
-11.3259,130.3432
-11.3243,130.3409
-11.3234,130.3358
-11.3333,130.3223
-11.3258,130.3422
-11.3798,130.3612
-11.4250,130.4001
-11.5070,130.3761
-11.5750,130.4637
-11.6271,130.4487
-11.6293,130.4646
-11.6661,130.4683
-11.6927,130.5560
-11.7305,130.5922
-11.7554,130.6411
-11.8270,130.6036
-11.8107,130.5706
-11.8303,130.5033
-11.7708,130.3122
-11.8251,130.1308
-11.8212,130.0521
end
start,Lingiari
-11.2732,130.5490
-11.3003,130.6027
-11.3213,130.6037
-11.3364,130.5861
-11.3268,130.5795
-11.3429,130.5866
-11.3406,130.5668
-11.3610,130.5545
-11.3908,130.5605
-11.4024,130.5813
-11.3875,130.6192
-11.3359,130.6565
-11.4006,130.6573
-11.4449,130.6807
-11.4414,130.7013
-11.5136,130.7058
-11.4890,130.7105
-11.4993,130.7136
-11.5074,130.7215
-11.4702,130.7227
-11.4798,130.7553
-11.5385,130.8107
-11.5383,130.8239
-11.4918,130.7912
-11.4845,130.7662
-11.4469,130.7544
-11.4108,130.7039
-11.4266,130.6968
-11.3853,130.7045
-11.3581,130.8437
-11.3089,130.8973
-11.3672,131.0316
-11.3430,131.0510
-11.3177,131.0409
-11.3036,131.0919
-11.3110,131.0923
-11.3128,131.0949
-11.3212,131.0875
-11.3317,131.0892
-11.3238,131.0988
-11.3058,131.0953
-11.3081,131.1108
-11.3003,131.0876
-11.2802,131.1115
-11.2590,131.1126
-11.2498,131.1477
-11.2655,131.1656
-11.3134,131.1683
-11.3349,131.1875
-11.3109,131.2080
-11.3440,131.2093
-11.3217,131.2157
-11.3138,131.2270
-11.3054,131.2277
-11.3030,131.1907
-11.2360,131.2040
-11.2178,131.2474
-11.1904,131.2580
-11.1975,131.2694
-11.1983,131.2637
-11.2039,131.2609
-11.2091,131.2636
-11.2109,131.2603
-11.2092,131.2644
-11.1989,131.2653
-11.1996,131.2696
-11.1895,131.2771
-11.2282,131.3152
-11.2589,131.2972
-11.2745,131.3051
-11.2792,131.3280
-11.2559,131.3288
-11.2499,131.3532
-11.2642,131.3749
-11.2982,131.3808
-11.2911,131.4002
-11.2583,131.4013
-11.2659,131.4358
-11.3040,131.4297
-11.3280,131.4626
-11.3513,131.4551
-11.3988,131.4813
-11.4018,131.4676
-11.4195,131.4564
-11.3836,131.5002
-11.4132,131.5370
-11.4536,131.5431
-11.4762,131.5270
-11.4630,131.5098
-11.4626,131.5025
-11.4978,131.4649
-11.5809,131.4552
-11.5867,131.4703
-11.6080,131.4698
-11.6136,131.4260
-11.5888,131.4028
-11.5887,131.3868
-11.5833,131.3797
-11.5848,131.3758
-11.5801,131.3700
-11.5778,131.3557
-11.5920,131.3791
-11.6033,131.3598
-11.6097,131.3705
-11.6792,131.3339
-11.7397,131.2803
-11.7344,131.2540
-11.7917,131.1819
-11.8362,131.0819
-11.8815,131.0482
-11.8859,131.0182
-11.9331,130.9764
-11.9400,130.9492
-11.8546,130.8622
-11.7964,130.6863
-11.7617,130.6798
-11.7014,130.5716
-11.6724,130.5563
-11.6794,130.5290
-11.6460,130.4870
-11.6047,130.4771
-11.5640,130.4938
-11.5025,130.4318
-11.3600,130.4083
-11.3667,130.3910
-11.3463,130.3840
-11.3014,130.4126
-11.2668,130.3944
-11.2512,130.3634
-11.1709,130.3725
-11.1661,130.4016
-11.1860,130.4184
-11.1746,130.4125
-11.2791,130.5137
-11.2719,130.4999
-11.2785,130.4962
-11.2847,130.5361
-11.2732,130.5490
end
start,Lingiari
-24.9155,129.0007
-24.0804,129.0007
-23.9985,129.0013
-23.8342,129.0008
-23.4979,129.0008
-23.4319,129.0013
-23.0209,129.0012
-22.9985,129.0013
-22.2484,129.0012
-21.9985,129.0010
-21.9026,129.0009
-21.0880,129.0009
-20.9985,129.0012
-19.9985,129.0012
-19.7107,129.0010
-15.0409,129.0012
-14.9961,129.0013
-14.9329,129.0012
-14.8795,129.0012
-14.8794,129.0012
-14.8864,129.0316
-14.9074,129.0441
-14.8910,129.0659
-14.9150,129.1012
-14.9892,129.1084
-14.9489,129.1306
-14.9690,129.1567
-14.9834,129.1533
-14.9693,129.1581
-14.9871,129.1889
-15.0515,129.1695
-15.1226,129.2005
-15.1474,129.1746
-15.1683,129.1749
-15.1976,129.1581
-15.1894,129.1877
-15.1739,129.1866
-15.1466,129.1995
-15.1593,129.1956
-15.1759,129.2311
-15.1538,129.2154
-15.0915,129.2494
-15.0677,129.2364
-15.0339,129.2560
-15.0619,129.2563
-15.0292,129.2781
-15.0417,129.2929
-15.0365,129.3016
-15.0268,129.2812
-15.0329,129.2651
-15.0082,129.2334
-14.9106,129.2418
-14.8498,129.2212
-14.8390,129.2336
-14.8525,129.2408
-14.8501,129.2629
-14.8650,129.2572
-14.8594,129.3173
-14.9249,129.4086
-14.9410,129.4824
-15.0280,129.5247
-15.1080,129.6039
-15.1289,129.6022
-15.1551,129.5601
-15.1799,129.5635
-15.1541,129.5817
-15.1365,129.6385
-15.1485,129.6708
-15.1310,129.6856
-15.0790,129.6416
-15.0421,129.6405
-15.0301,129.6640
-15.0305,129.6338
-14.9532,129.6230
-14.9476,129.6084
-14.9670,129.5932
-14.7901,129.4997
-14.8067,129.5338
-14.8910,129.5921
-14.8756,129.6183
-14.8393,129.5861
-14.7982,129.5775
-14.8438,129.6320
-14.8344,129.6485
-14.8523,129.7445
-14.8413,129.7681
-14.8581,129.8005
-14.8138,129.8855
-14.8024,129.8636
-14.7732,129.9028
-14.7762,129.8683
-14.8228,129.8126
-14.8243,129.7578
-14.8030,129.7541
-14.7953,129.7768
-14.7690,129.7938
-14.7694,129.8040
-14.7633,129.8099
-14.7603,129.8100
-14.7914,129.7246
-14.7634,129.6724
-14.7260,129.6646
-14.6612,129.5891
-14.6138,129.5851
-14.6127,129.6923
-14.5828,129.7189
-14.5697,129.7562
-14.5387,129.7715
-14.5804,129.6693
-14.5522,129.5262
-14.5033,129.4882
-14.4655,129.5230
-14.4601,129.4904
-14.4717,129.5068
-14.5009,129.4826
-14.4496,129.4816
-14.4463,129.4539
-14.4909,129.4744
-14.5050,129.4531
-14.4835,129.4511
-14.4673,129.4226
-14.4499,129.4207
-14.4282,129.4006
-14.4215,129.4023
-14.4161,129.3978
-14.4264,129.3979
-14.4187,129.3556
-14.3337,129.3688
-14.2911,129.4194
-14.2359,129.4092
-14.1936,129.4638
-14.1278,129.4963
-14.1270,129.5120
-14.0479,129.4789
-14.0753,129.5158
-14.0523,129.5250
-14.0583,129.5355
-14.0911,129.5422
-14.1299,129.5276
-14.1421,129.5567
-14.0838,129.5671
-14.0912,129.5948
-14.0695,129.6092
-14.0328,129.5906
-14.0110,129.5980
-14.0356,129.6092
-14.0472,129.6408
-14.0134,129.7213
-13.9751,129.7460
-13.9191,129.7472
-13.8788,129.7155
-13.8268,129.7400
-13.7895,129.7948
-13.6669,129.7901
-13.5611,129.8348
-13.5017,129.8173
-13.5032,129.8853
-13.4797,129.8694
-13.4404,129.8974
-13.5143,129.9098
-13.5358,129.9568
-13.5333,130.0083
-13.5036,130.0641
-13.4563,130.1063
-13.4571,130.1416
-13.3396,130.2354
-13.3348,130.2779
-13.3057,130.2840
-13.2824,130.2397
-13.1780,130.1641
-13.1641,130.1161
-13.1074,130.1340
-13.0793,130.1201
-12.9334,130.1411
-12.9105,130.1937
-12.9423,130.2052
-12.9483,130.2471
-12.8907,130.3376
-12.8072,130.3583
-12.6703,130.3520
-12.7014,130.4041
-12.6633,130.3928
-12.6645,130.4141
-12.6336,130.4385
-12.6677,130.5135
-12.6913,130.5183
-12.7179,130.5011
-12.7314,130.5182
-12.7405,130.5153
-12.7459,130.5163
-12.7511,130.5204
-12.7251,130.5179
-12.7250,130.5293
-12.7330,130.5245
-12.7361,130.5248
-12.7414,130.5288
-12.7421,130.5315
-12.7396,130.5337
-12.7238,130.5305
-12.7165,130.5115
-12.7034,130.5206
-12.7190,130.5357
-12.7021,130.5554
-12.7185,130.5586
-12.7077,130.5726
-12.7192,130.5832
-12.7437,130.5699
-12.7391,130.5911
-12.7179,130.5960
-12.7199,130.6076
-12.7290,130.5998
-12.7327,130.6050
-12.7277,130.6295
-12.7693,130.6233
-12.7753,130.6274
-12.7436,130.6435
-12.7052,130.6214
-12.7279,130.6871
-12.7452,130.6797
-12.7514,130.6891
-12.7165,130.7073
-12.7105,130.7387
-12.7109,130.7060
-12.7198,130.6901
-12.7135,130.6791
-12.6956,130.7027
-12.6904,130.7019
-12.7078,130.6740
-12.6914,130.6739
-12.6863,130.6334
-12.6687,130.6164
-12.6844,130.5858
-12.6522,130.5734
-12.6343,130.5456
-12.6161,130.5499
-12.6229,130.5828
-12.6604,130.5865
-12.6044,130.6090
-12.6156,130.6188
-12.6106,130.6303
-12.6194,130.6339
-12.6251,130.6428
-12.6328,130.6381
-12.6441,130.6411
-12.6238,130.6441
-12.6090,130.6314
-12.5921,130.5892
-12.5783,130.6039
-12.5967,130.5735
-12.5815,130.5667
-12.5128,130.5828
-12.5014,130.6057
-12.4626,130.5809
-12.4477,130.6232
-12.4065,130.5781
-12.3813,130.6176
-12.4395,130.7662
-12.5262,130.7270
-12.4747,130.7788
-12.5455,130.7743
-12.5799,130.7489
-12.5815,130.7292
-12.5907,130.7293
-12.6006,130.7344
-12.5830,130.7300
-12.5840,130.7490
-12.5591,130.7785
-12.6016,130.7673
-12.6160,130.7747
-12.5995,130.7771
-12.6194,130.7799
-12.6219,130.7918
-12.6168,130.7803
-12.5784,130.7944
-12.5508,130.7870
-12.5387,130.8073
-12.5820,130.8141
-12.5875,130.8309
-12.5581,130.8160
-12.5540,130.8388
-12.5954,130.8665
-12.6151,130.8573
-12.6104,130.8461
-12.6205,130.8589
-12.6116,130.8692
-12.6587,130.8697
-12.6312,130.8798
-12.6553,130.8999
-12.6650,130.8962
-12.6824,130.8952
-12.6564,130.9081
-12.6062,130.8822
-12.6111,130.9329
-12.6378,130.9452
-12.6369,130.9546
-12.6306,130.9662
-12.5968,130.9533
-12.6065,130.9454
-12.5799,130.9230
-12.5747,130.8846
-12.5524,130.8778
-12.5605,130.8933
-12.5597,130.9000
-12.5562,130.9014
-12.5479,130.8795
-12.5076,130.8589
-12.5211,130.8795
-12.5132,130.9036
-12.5298,130.8955
-12.5164,130.9070
-12.5407,130.9080
-12.5092,130.9226
-12.5366,130.9273
-12.5416,130.9470
-12.5540,130.9389
-12.5396,130.9494
-12.5551,130.9538
-12.5341,130.9549
-12.5340,130.9558
-12.5332,130.9602
-12.5337,130.9634
-12.5346,130.9669
-12.5365,130.9701
-12.5393,130.974
-12.5413,130.9769
-12.5419,130.9780
-12.5436,130.9812
-12.5449,130.9838
-12.5459,130.9855
-12.5471,130.9872
-12.5452,130.9882
-12.5428,130.9899
-12.5401,130.9907
-12.5386,130.9915
-12.5381,130.9924
-12.5377,130.9946
-12.5381,130.9964
-12.5376,130.9985
-12.5364,130.9994
-12.5352,130.9998
-12.5349,131.0001
-12.5345,131.0011
-12.5343,131.0016
-12.5341,131.0030
-12.5336,131.0039
-12.5325,131.0057
-12.5323,131.0067
-12.5333,131.0068
-12.5336,131.0070
-12.5337,131.0073
-12.5319,131.0091
-12.5317,131.0094
-12.5317,131.0106
-12.5316,131.0108
-12.5314,131.0118
-12.5306,131.0125
-12.5296,131.0122
-12.5286,131.0122
-12.5276,131.0131
-12.5272,131.0141
-12.5272,131.0143
-12.5272,131.0143
-12.5261,131.0143
-12.5256,131.0143
-12.5256,131.0133
-12.5207,131.0133
-12.5158,131.0132
-12.5108,131.0132
-12.5059,131.0132
-12.5022,131.0132
-12.5010,131.0132
-12.4994,131.0131
-12.4986,131.0131
-12.4961,131.0131
-12.4963,131.0132
-12.4954,131.0132
-12.4897,131.0132
-12.4881,131.0132
-12.4871,131.0132
-12.4869,131.0130
-12.4867,131.0128
-12.4863,131.0124
-12.4863,131.0124
-12.4862,131.0122
-12.4860,131.0120
-12.4858,131.0117
-12.4856,131.0115
-12.4826,131.0076
-12.4816,131.0063
-12.4814,131.0061
-12.4812,131.0059
-12.4811,131.0057
-12.4809,131.0056
-12.4808,131.0054
-12.4806,131.0052
-12.4804,131.0050
-12.4802,131.0048
-12.4800,131.0047
-12.4753,131.0002
-12.4730,130.9981
-12.4734,130.9981
-12.4731,130.9977
-12.4729,130.9974
-12.4728,130.9973
-12.4694,130.9832
-12.4679,130.9832
-12.4602,130.9833
-12.4601,131.0128
-12.4092,131.0125
-12.3947,131.0123
-12.3945,131.0251
-12.3945,131.0324
-12.3947,131.0324
-12.3978,131.0329
-12.3996,131.0317
-12.4030,131.0311
-12.4070,131.0319
-12.4089,131.0311
-12.4088,131.0514
-12.4070,131.0510
-12.4069,131.0509
-12.4067,131.0507
-12.4060,131.0503
-12.4051,131.0492
-12.4057,131.0489
-12.4058,131.0487
-12.4054,131.0488
-12.4048,131.0491
-12.4014,131.0488
-12.4004,131.0488
-12.4002,131.0486
-12.3989,131.0471
-12.3984,131.0467
-12.3973,131.0464
-12.3971,131.0459
-12.3968,131.0464
-12.3961,131.0471
-12.3954,131.0474
-12.3942,131.0475
-12.3934,131.0477
-12.3921,131.0479
-12.3914,131.0477
-12.3906,131.0472
-12.3894,131.0469
-12.3880,131.0472
-12.3868,131.0478
-12.3859,131.0479
-12.3852,131.0475
-12.3849,131.0465
-12.3852,131.0453
-12.3863,131.0439
-12.3874,131.0416
-12.3877,131.0396
-12.3873,131.0386
-12.3862,131.0378
-12.3829,131.0366
-12.3810,131.0363
-12.3784,131.0363
-12.3769,131.0361
-12.3738,131.0356
-12.3694,131.0356
-12.3655,131.0361
-12.3617,131.0370
-12.3599,131.0370
-12.3585,131.0364
-12.3529,131.0275
-12.3477,131.0550
-12.3463,131.0298
-12.3256,131.0297
-12.3331,131.0516
-12.3321,131.0609
-12.3054,131.0284
-12.3232,131.0129
-12.2315,131.0304
-12.1860,130.9946
-12.1686,130.9959
-12.1464,131.0306
-12.1427,131.0458
-12.1668,131.0653
-12.1550,131.1131
-12.1825,131.1254
-12.1732,131.1690
-12.2271,131.2220
-12.2377,131.1933
-12.2396,131.2097
-12.2613,131.2037
-12.2703,131.2059
-12.2667,131.2320
-12.2780,131.2219
-12.2824,131.2223
-12.2850,131.2250
-12.2663,131.2339
-12.2631,131.2069
-12.2401,131.2123
-12.2200,131.2508
-12.2072,131.2288
-12.1001,131.2735
-12.0769,131.2663
-12.0426,131.2971
-12.0701,131.2995
-12.0898,131.3209
-12.1934,131.3227
-12.2564,131.3808
-12.2754,131.4267
-12.2847,131.6828
-12.2682,131.7753
-12.2145,131.8792
-12.2243,131.9042
-12.2729,131.9394
-12.3035,132.0697
-12.2132,132.1708
-12.1945,132.2243
-12.1697,132.2381
-12.1734,132.2617
-12.2242,132.2784
-12.1988,132.3531
-12.2364,132.3893
-12.2224,132.4171
-12.1464,132.4420
-12.1241,132.5130
-12.0857,132.5562
-12.1054,132.5783
-12.0854,132.6292
-12.0167,132.6189
-11.9013,132.6408
-11.8898,132.6553
-11.8220,132.6365
-11.7860,132.5807
-11.7224,132.6489
-11.6856,132.6547
-11.6815,132.6430
-11.7204,132.6309
-11.7300,132.5946
-11.7181,132.5401
-11.6821,132.4998
-11.6357,132.5073
-11.6363,132.5576
-11.6549,132.5742
-11.6674,132.5645
-11.6547,132.6166
-11.6086,132.5478
-11.5802,132.5362
-11.5549,132.5530
-11.5449,132.5248
-11.5205,132.5319
-11.5095,132.4997
-11.4825,132.4941
-11.4577,132.4571
-11.4412,132.3534
-11.4650,132.3019
-11.4552,132.2387
-11.5210,132.1380
-11.4998,132.1186
-11.5399,132.1138
-11.5250,132.0678
-11.4821,132.0338
-11.4588,132.0302
-11.4602,132.0509
-11.4321,132.0593
-11.4204,132.0412
-11.4300,131.9966
-11.4014,131.9901
-11.4111,131.9624
-11.3998,131.9424
-11.3733,131.9890
-11.3694,131.9680
-11.3424,131.9659
-11.3656,131.9303
-11.3575,131.9169
-11.3198,131.9435
-11.3247,131.9146
-11.2927,131.8597
-11.3182,131.8211
-11.3157,131.7626
-11.2997,131.7592
-11.3112,131.7762
-11.2913,131.7799
-11.2993,131.7997
-11.2965,131.8065
-11.2683,131.7943
-11.2864,131.8402
-11.2767,131.8551
-11.2117,131.8148
-11.2265,131.8400
-11.2091,131.8604
-11.2349,131.8793
-11.1931,131.8755
-11.1815,131.8824
-11.2068,131.9120
-11.2163,131.9041
-11.2350,131.9275
-11.2598,131.9299
-11.2444,131.9447
-11.2530,131.9612
-11.2289,131.9612
-11.2351,131.9741
-11.2185,131.9864
-11.1766,131.9624
-11.1708,131.9699
-11.1800,131.9824
-11.1757,131.9935
-11.1342,131.9703
-11.1242,131.9929
-11.1298,132.0106
-11.1994,132.0461
-11.1795,132.0754
-11.1917,132.0663
-11.1947,132.0826
-11.2315,132.0844
-11.2111,132.1135
-11.2620,132.0957
-11.2737,132.1164
-11.3290,132.0999
-11.3492,132.1226
-11.2961,132.1367
-11.3226,132.1558
-11.3823,132.1446
-11.3825,132.1579
-11.4204,132.1703
-11.3968,132.1759
-11.4134,132.2081
-11.3653,132.1828
-11.3509,132.1902
-11.3696,132.2221
-11.3398,132.2364
-11.3012,132.1975
-11.3234,132.1725
-11.2800,132.1970
-11.2407,132.1798
-11.2268,132.2024
-11.1837,132.1608
-11.1607,132.1619
-11.1536,132.1412
-11.1223,132.1356
-11.1303,132.1868
-11.1649,132.1960
-11.1974,132.2434
-11.2185,132.2398
-11.2767,132.2835
-11.1753,132.2650
-11.1655,132.3221
-11.1403,132.3388
-11.1251,132.3383
-11.1201,132.3321
-11.1157,132.3332
-11.1489,132.3569
-11.1937,132.3649
-11.2079,132.3823
-11.2954,132.3736
-11.2991,132.3973
-11.2645,132.4060
-11.2622,132.4222
-11.2256,132.4199
-11.2113,132.4339
-11.2180,132.4510
-11.2584,132.4767
-11.2722,132.5067
-11.2994,132.4868
-11.2927,132.5101
-11.3170,132.5171
-11.3299,132.5018
-11.3498,132.5141
-11.3420,132.5470
-11.3945,132.5854
-11.4102,132.6220
-11.4775,132.6378
-11.5155,132.6690
-11.5190,132.7328
-11.3951,132.8421
-11.4190,132.8640
-11.4258,132.8964
-11.3847,132.9091
-11.3400,132.8650
-11.3317,132.9179
-11.4168,132.9681
-11.4328,133.0078
-11.5028,133.0459
-11.5209,133.0768
-11.5483,133.0695
-11.6331,133.1056
-11.7022,133.1498
-11.7286,133.1906
-11.7406,133.2815
-11.7307,133.2525
-11.6937,133.3433
-11.7179,133.3544
-11.7195,133.3203
-11.7389,133.3080
-11.7698,133.3208
-11.7761,133.3696
-11.7577,133.3692
-11.7320,133.4028
-11.7575,133.4146
-11.7677,133.3986
-11.7783,133.4481
-11.8019,133.4591
-11.7603,133.5337
-11.8129,133.5301
-11.8269,133.5491
-11.8068,133.5655
-11.8091,133.6021
-11.8337,133.5951
-11.8427,133.6110
-11.8189,133.6631
-11.8090,133.6558
-11.7886,133.6780
-11.7940,133.6920
-11.7739,133.6701
-11.7825,133.7384
-11.7611,133.7735
-11.7321,133.7858
-11.7337,133.8086
-11.7246,133.7939
-11.7232,133.8370
-11.7539,133.8675
-11.7424,133.9155
-11.7703,133.9403
-11.7723,133.9162
-11.8123,133.8898
-11.8134,133.8465
-11.8381,133.8230
-11.8649,133.8296
-11.8779,133.8582
-11.9105,133.8760
-11.9068,133.9123
-11.9276,133.9077
-11.8949,133.9840
-11.8637,134.0044
-11.8549,134.0307
-11.8695,134.0635
-11.8922,134.0639
-11.8981,134.0783
-11.9343,134.0659
-11.9418,134.0748
-11.8972,134.1271
-11.9567,134.1753
-11.9724,134.1685
-11.9634,134.1499
-11.9879,134.1519
-11.9941,134.1817
-12.0286,134.1942
-12.1004,134.1622
-12.1147,134.1684
-12.1053,134.1880
-12.0744,134.1937
-12.0364,134.2283
-12.0341,134.2535
-11.9847,134.2457
-11.9837,134.2866
-12.0391,134.3480
-12.0772,134.4909
-12.0489,134.6050
-12.0151,134.6558
-11.9628,134.6878
-11.9493,134.7475
-11.9597,134.7708
-11.9951,134.7607
-12.0034,134.7795
-12.0477,134.7981
-12.0560,134.8301
-12.0629,134.8296
-12.0749,134.8370
-12.0555,134.8316
-12.0616,134.8442
-12.1121,134.8419
-12.1310,134.8568
-12.1532,134.9048
-12.1425,134.9353
-12.1583,134.9715
-12.2636,135.0560
-12.2367,135.1446
-12.2952,135.2130
-12.2250,135.1615
-12.2249,135.2670
-12.2528,135.2833
-12.2602,135.3130
-12.2463,135.3424
-12.2322,135.3520
-12.2415,135.3121
-12.2209,135.2802
-12.2003,135.2760
-12.2079,135.2567
-12.1886,135.2233
-12.1628,135.3029
-12.1453,135.3191
-12.1243,135.3059
-12.1059,135.3529
-12.0847,135.3662
-12.0830,135.4225
-12.1018,135.4052
-12.1139,135.4153
-12.1140,135.4543
-12.0859,135.5078
-12.0598,135.5190
-12.1007,135.5700
-12.0590,135.6497
-12.0395,135.6535
-11.9523,135.9098
-11.9861,135.8774
-11.9757,135.8696
-11.9842,135.8316
-12.0007,135.8327
-12.0439,135.7727
-12.0794,135.7585
-12.1499,135.6592
-12.2017,135.6520
-12.2663,135.7129
-12.2872,135.7215
-12.3103,135.7061
-12.3156,135.7147
-12.2634,135.7451
-12.2590,135.7763
-12.2249,135.7782
-12.1989,135.8036
-12.1840,135.8504
-12.1506,135.8812
-12.1849,135.8949
-12.1497,135.9122
-12.1619,135.9284
-12.1385,135.9486
-12.1519,135.9590
-12.1370,135.9599
-12.1168,136.0020
-12.0839,136.0036
-12.0630,136.0457
-12.1852,135.9734
-12.1820,135.9578
-12.2220,135.9280
-12.2496,135.9562
-12.2790,135.9500
-12.2681,136.0011
-12.2423,136.0105
-12.2475,136.0185
-12.2494,136.0306
-12.2461,136.0196
-12.2332,136.0135
-12.2408,136.0612
-12.2947,136.0299
-12.2908,136.0090
-12.3192,136.0236
-12.3867,135.9708
-12.3970,136.0154
-12.4409,135.9932
-12.4535,136.0036
-12.4623,135.9889
-12.4573,136.0153
-12.4849,136.0144
-12.4861,136.0213
-12.4793,136.0515
-12.4570,136.0462
-12.4300,136.0637
-12.4574,136.0858
-12.4390,136.1079
-12.4524,136.1211
-12.4354,136.1514
-12.4705,136.1583
-12.4657,136.2317
-12.4454,136.2493
-12.4564,136.2597
-12.4434,136.2528
-12.3818,136.3141
-12.3675,136.3040
-12.3266,136.3330
-12.3068,136.3254
-12.2785,136.3684
-12.2652,136.3429
-12.2574,136.3627
-12.2303,136.3591
-12.1956,136.3369
-12.2107,136.3154
-12.2131,136.2282
-12.1873,136.2189
-12.1867,136.2288
-12.1826,136.2321
-12.1920,136.1721
-12.1630,136.1674
-12.1524,136.2172
-12.1308,136.2125
-12.1316,136.2303
-12.0650,136.2670
-12.0455,136.3261
-12.0591,136.3393
-12.0328,136.3440
-12.0113,136.3896
-11.9974,136.3823
-11.9586,136.4148
-11.9710,136.4307
-11.9414,136.4439
-11.9526,136.4924
-11.9392,136.5232
-11.9145,136.5311
-11.9175,136.5613
-11.9020,136.5737
-11.8863,136.5576
-11.8766,136.5629
-11.9155,136.5804
-11.9472,136.5341
-11.9603,136.4720
-11.9965,136.4728
-11.9788,136.4560
-11.9988,136.4458
-11.9996,136.4698
-12.0240,136.4888
-12.0314,136.4833
-12.0501,136.4815
-12.0509,136.4648
-12.0562,136.4892
-11.9978,136.5030
-11.9914,136.5310
-12.0830,136.5656
-12.0838,136.5639
-12.0760,136.5584
-12.0752,136.5553
-12.0856,136.5643
-12.0911,136.5806
-12.0844,136.5872
-12.1460,136.5777
-12.2022,136.5993
-12.2354,136.6464
-12.2697,136.6475
-12.2741,136.6602
-12.2837,136.6644
-12.2881,136.6748
-12.2776,136.6694
-12.2884,136.7057
-12.2669,136.7209
-12.2718,136.7422
-12.2350,136.7661
-12.2329,136.7511
-12.2141,136.7521
-12.2297,136.7231
-12.2113,136.7290
-12.1903,136.6986
-12.2056,136.6770
-12.1863,136.6813
-12.1590,136.7823
-12.2115,136.8181
-12.2196,136.8731
-12.2436,136.8844
-12.2459,136.9050
-12.2807,136.9023
-12.2827,136.9281
-12.3338,136.9338
-12.3663,136.8791
-12.3806,136.8728
-12.3677,136.9105
-12.3439,136.9205
-12.3579,136.9443
-12.3454,136.9789
-12.3745,136.9626
-12.3924,136.8996
-12.5252,136.7790
-12.5555,136.7727
-12.5256,136.7607
-12.4961,136.7759
-12.4922,136.7958
-12.4497,136.7944
-12.4473,136.7759
-12.4785,136.7354
-12.4696,136.7244
-12.4607,136.7247
-12.4582,136.7209
-12.4939,136.7217
-12.5178,136.7422
-12.5290,136.7269
-12.5339,136.7483
-12.5629,136.7309
-12.5538,136.7200
-12.5673,136.6938
-12.5875,136.6915
-12.5905,136.6692
-12.6035,136.6803
-12.5936,136.6768
-12.5866,136.6960
-12.5691,136.6971
-12.5709,136.7348
-12.5516,136.7474
-12.5774,136.7618
-12.5791,136.7354
-12.6322,136.6905
-12.6690,136.6786
-12.7110,136.6938
-12.7113,136.6527
-12.7028,136.6481
-12.6995,136.6334
-12.6899,136.6227
-12.6898,136.6174
-12.7002,136.6312
-12.7402,136.6010
-12.7739,136.6247
-12.8149,136.6084
-12.8394,136.6217
-12.8215,136.5872
-12.7789,136.5837
-12.7900,136.6055
-12.7403,136.5498
-12.7582,136.5254
-12.8067,136.5428
-12.8071,136.5177
-12.7680,136.4833
-12.7720,136.4637
-12.7935,136.4680
-12.8015,136.4879
-12.8415,136.4786
-12.8754,136.5182
-12.8741,136.5524
-12.9163,136.5462
-12.9507,136.6380
-12.9904,136.6448
-13.0043,136.6679
-13.0173,136.6292
-12.9676,136.6176
-13.0013,136.5800
-13.0184,136.5844
-13.0181,136.5624
-12.9649,136.5586
-12.9919,136.5317
-12.9767,136.5199
-12.9924,136.4918
-12.9782,136.4552
-12.9913,136.4527
-13.0064,136.4806
-12.9966,136.5070
-13.0160,136.5106
-13.0189,136.5352
-13.0519,136.5328
-13.0588,136.5667
-13.1544,136.5311
-13.1350,136.4903
-13.1418,136.5008
-13.1696,136.4793
-13.2475,136.4677
-13.2484,136.4468
-13.2244,136.4541
-13.2173,136.4396
-13.3247,136.3313
-13.2985,136.3189
-13.2766,136.3380
-13.2500,136.3281
-13.2526,136.3675
-13.2270,136.3880
-13.1471,136.3560
-13.1395,136.3715
-13.1164,136.3540
-13.1088,136.3687
-13.0704,136.3714
-13.0341,136.3334
-13.1075,136.2914
-13.1201,136.3211
-13.1447,136.3066
-13.1596,136.3156
-13.1680,136.2830
-13.1451,136.2887
-13.1546,136.2562
-13.1212,136.2525
-13.1455,136.2433
-13.1382,136.2180
-13.1542,136.2140
-13.1735,136.2472
-13.1875,136.2352
-13.2124,136.2451
-13.2037,136.2184
-13.2469,136.2013
-13.2329,136.1749
-13.2420,136.1619
-13.2807,136.1816
-13.2665,136.1555
-13.2072,136.1341
-13.1835,136.1501
-13.1205,136.1451
-13.1585,136.0990
-13.1723,136.1079
-13.2095,136.0777
-13.2326,136.0843
-13.2344,136.0531
-13.2631,136.0620
-13.3098,136.0472
-13.2149,136.0121
-13.2226,135.9791
-13.2947,135.9636
-13.2534,135.9483
-13.2684,135.9186
-13.3630,135.8799
-13.3775,135.9206
-13.4177,135.9264
-13.4023,135.9729
-13.4455,135.9610
-13.4423,135.9294
-13.4668,135.9312
-13.4251,135.8943
-13.4402,135.8597
-13.5199,135.8550
-13.5617,135.8692
-13.5663,135.8397
-13.5908,135.8352
-13.6222,135.8651
-13.6690,135.8806
-13.6581,135.9073
-13.6759,135.9216
-13.6880,135.8891
-13.7120,135.8793
-13.7472,135.9144
-13.7433,135.9562
-13.6824,136.0335
-13.6520,136.0259
-13.6554,136.0830
-13.7628,136.0134
-13.8283,136.0157
-13.8578,135.9916
-13.8961,135.9890
-13.9904,135.9097
-14.0424,135.9131
-14.1668,135.8787
-14.1905,135.9035
-14.1812,135.8814
-14.2289,135.8158
-14.2260,135.7940
-14.2819,135.7362
-14.2713,135.7025
-14.2966,135.7301
-14.3991,135.6677
-14.4243,135.6703
-14.4231,135.6196
-14.5051,135.5895
-14.5611,135.5366
-14.6254,135.5184
-14.6527,135.5410
-14.6532,135.5191
-14.6757,135.4994
-14.6757,135.4650
-14.7350,135.4163
-14.7257,135.3820
-14.8731,135.4109
-14.8705,135.4154
-14.9107,135.4311
-14.9193,135.4402
-14.9489,135.4558
-14.9702,135.4704
-14.9802,135.4800
-15.0453,135.5799
-15.0525,135.6573
-15.1162,135.7241
-15.1165,135.7489
-15.1827,135.8627
-15.2869,135.9815
-15.3923,136.1646
-15.3928,136.2097
-15.4160,136.2397
-15.5357,136.2704
-15.5896,136.3172
-15.6016,136.3207
-15.6142,136.3145
-15.6259,136.3174
-15.6019,136.3264
-15.6261,136.4120
-15.7319,136.5338
-15.7288,136.5475
-15.7503,136.5554
-15.7418,136.5684
-15.7275,136.5593
-15.7061,136.6210
-15.6724,136.6440
-15.6784,136.6649
-15.6639,136.6716
-15.6846,136.6818
-15.6963,136.7241
-15.7779,136.6826
-15.7691,136.6427
-15.7815,136.6583
-15.7916,136.6447
-15.7941,136.6704
-15.8568,136.7137
-15.9034,136.6907
-15.9312,136.7063
-15.9323,136.7294
-15.8894,136.7714
-15.9162,136.7607
-15.8992,136.8229
-15.9322,136.8887
-15.9383,136.9532
-15.8996,136.9127
-15.8748,136.9703
-15.8509,136.9779
-15.8751,136.9873
-15.8731,137.0035
-15.9441,137.0835
-16.0123,137.2544
-16.0851,137.3089
-16.0789,137.3015
-16.0787,137.2984
-16.0811,137.2949
-16.1333,137.3726
-16.1318,137.3838
-16.1156,137.3569
-16.1443,137.4091
-16.1748,137.5737
-16.2322,137.7296
-16.4227,137.8620
-16.5445,138.0011
-16.5465,138.0011
-16.5825,138.0011
-16.6665,138.0011
-16.7565,138.0011
-16.8365,138.0011
-16.9105,138.0011
-16.9885,138.0011
-17.0345,138.0011
-17.0745,138.0011
-17.1525,138.0011
-17.2102,138.0011
-17.3965,138.0011
-17.5545,138.0011
-17.6113,138.0011
-17.6365,138.0011
-17.7245,138.0011
-17.8225,138.0011
-17.9985,138.0011
-18.0145,138.0011
-18.0225,138.0011
-18.0285,138.0011
-18.0405,138.0011
-18.0525,138.0011
-18.0585,138.0011
-18.0785,138.0011
-18.0925,138.0011
-18.1005,138.0011
-18.1165,138.0011
-18.1345,138.0011
-18.1565,138.0011
-18.1665,138.0011
-18.1745,138.0011
-18.1805,138.0011
-18.1816,138.0011
-18.3885,138.0011
-18.4745,138.0011
-18.5625,138.0011
-18.6206,138.0011
-18.6465,138.0011
-18.8682,137.9966
-18.9985,137.9959
-19.0188,137.9959
-19.1021,137.9960
-19.1854,137.9960
-19.2688,137.9960
-19.3521,137.9961
-19.4354,137.9961
-19.4985,137.9961
-19.5188,137.9962
-19.6021,137.9962
-19.6854,137.9962
-19.7687,137.9963
-19.8521,137.9963
-19.9159,137.9963
-19.9230,137.9963
-19.9985,137.9964
-20.0063,137.9964
-20.0897,137.9964
-20.1730,137.9965
-20.2563,137.9965
-20.4230,137.9966
-20.4985,137.9967
-20.5063,137.9967
-20.5896,137.9967
-20.6730,137.9968
-20.7451,137.9968
-20.7563,137.9969
-20.9230,137.9970
-20.9399,137.9970
-20.9985,137.9970
-21.0063,137.9970
-21.0896,137.9971
-21.1730,137.9971
-21.1942,137.9972
-21.2563,137.9972
-21.3396,137.9972
-21.4229,137.9973
-21.4985,137.9973
-21.5063,137.9973
-21.5896,137.9974
-21.6729,137.9974
-21.7563,137.9975
-21.8396,137.9975
-21.9099,137.9976
-21.9229,137.9976
-21.9292,137.9976
-21.9985,137.9976
-22.0018,137.9976
-22.0851,137.9977
-22.1685,137.9977
-22.2518,137.9978
-22.3351,137.9978
-22.4185,137.9979
-22.4959,137.9979
-22.4985,137.9979
-22.5792,137.9980
-22.6625,137.9980
-22.7458,137.9981
-22.8292,137.9981
-22.9125,137.9982
-22.9958,137.9982
-22.9985,137.9982
-22.9998,137.9982
-23.0831,137.9982
-23.1665,137.9983
-23.2498,137.9983
-23.3331,137.9983
-23.4165,137.9983
-23.4985,137.9984
-23.4998,137.9984
-23.5208,137.9982
-23.5831,137.9984
-23.6665,137.9984
-23.7498,137.9984
-23.8331,137.9984
-23.8719,137.9984
-23.9165,137.9985
-23.9985,137.9985
-23.9998,137.9985
-24.0831,137.9985
-24.1664,137.9985
-24.2498,137.9986
-24.3331,137.9986
-24.3629,137.9986
-24.4164,137.9986
-24.4985,137.9986
-24.4998,137.9986
-24.5831,137.9986
-24.6664,137.9987
-24.7497,137.9987
-24.8331,137.9987
-24.9164,137.9987
-24.9985,137.9987
-24.9997,137.9987
-25.0831,137.9988
-25.1664,137.9988
-25.2497,137.9988
-25.3331,137.9988
-25.4164,137.9988
-25.4985,137.9989
-25.4997,137.9989
-25.5831,137.9989
-25.6664,137.9989
-25.7497,137.9989
-25.8330,137.9990
-25.9164,137.9990
-25.9968,137.9990
-25.9968,137.9990
-25.9984,129.9808
-25.9969,137.8987
-25.9970,137.8325
-25.9970,137.7491
-25.9971,137.7220
-25.9971,137.6658
-25.9972,137.5825
-25.9972,137.5012
-25.9972,137.4992
-25.9973,137.4158
-25.9974,137.3325
-25.9974,137.2492
-25.9975,137.1658
-25.9976,137.0825
-25.9976,137.0012
-25.9976,136.9992
-25.9977,136.9159
-25.9978,136.8325
-25.9979,136.7492
-25.9979,136.6659
-25.9980,136.5825
-25.9981,136.5012
-25.9981,136.4992
-25.9981,136.4159
-25.9982,136.3326
-25.9983,136.2492
-25.9983,136.1659
-25.9984,136.0826
-25.9985,136.0017
-25.9985,136.0012
-25.9985,135.9992
-25.9985,135.9972
-25.9985,135.9952
-25.9985,135.9932
-25.9985,135.9912
-25.9985,135.9892
-25.9985,135.9872
-25.9985,135.9852
-25.9985,135.9832
-25.9985,135.9812
-25.9985,135.9792
-25.9985,135.9772
-25.9985,135.9752
-25.9985,135.9732
-25.9985,135.9712
-25.9985,135.9692
-25.9985,135.9672
-25.9985,135.9652
-25.9985,135.9632
-25.9985,135.9612
-25.9985,135.9592
-25.9985,135.9572
-25.9985,135.9552
-25.9985,135.9532
-25.9985,135.9512
-25.9985,135.9492
-25.9985,135.9472
-25.9985,135.9452
-25.9985,135.9432
-25.9985,135.9412
-25.9985,135.9392
-25.9985,135.9372
-25.9985,135.9352
-25.9985,135.9332
-25.9985,135.9312
-25.9985,135.9292
-25.9985,135.9272
-25.9985,135.9252
-25.9985,135.9232
-25.9985,135.9212
-25.9985,135.9192
-25.9985,135.9172
-25.9985,135.9152
-25.9985,135.9132
-25.9985,135.9112
-25.9985,135.9092
-25.9985,135.9072
-25.9985,135.9052
-25.9985,135.9032
-25.9985,135.9012
-25.9985,135.8992
-25.9985,135.8972
-25.9985,135.8952
-25.9985,135.8932
-25.9985,135.8912
-25.9985,135.8892
-25.9985,135.8872
-25.9985,135.8852
-25.9985,135.8832
-25.9985,135.8812
-25.9985,135.8792
-25.9985,135.8772
-25.9985,135.8752
-25.9985,135.8732
-25.9985,135.8712
-25.9985,135.8692
-25.9985,135.8672
-25.9985,135.8652
-25.9985,135.8632
-25.9985,135.8612
-25.9985,135.8592
-25.9985,135.8572
-25.9985,135.8552
-25.9985,135.8532
-25.9985,135.8512
-25.9985,135.8492
-25.9985,135.8472
-25.9985,135.8452
-25.9985,135.8432
-25.9985,135.8412
-25.9985,135.8392
-25.9985,135.8372
-25.9985,135.8352
-25.9985,135.8332
-25.9985,135.8312
-25.9985,135.8292
-25.9985,135.8272
-25.9985,135.8252
-25.9985,135.8232
-25.9985,135.8225
-25.9985,135.8212
-25.9985,135.8192
-25.9985,135.8172
-25.9985,135.8152
-25.9985,135.8132
-25.9985,135.8112
-25.9985,135.8092
-25.9985,135.8072
-25.9985,135.8052
-25.9985,135.8032
-25.9985,135.8012
-25.9985,135.7992
-25.9985,135.7972
-25.9985,135.7952
-25.9985,135.7932
-25.9985,135.7912
-25.9985,135.7903
-25.9985,135.7892
-25.9985,135.7872
-25.9985,135.7852
-25.9985,135.7832
-25.9985,135.7812
-25.9985,135.7792
-25.9985,135.7772
-25.9985,135.7752
-25.9985,135.7732
-25.9985,135.7712
-25.9985,135.7692
-25.9985,135.7672
-25.9985,135.7652
-25.9985,135.7632
-25.9985,135.7612
-25.9985,135.7592
-25.9985,135.7572
-25.9985,135.7552
-25.9985,135.7532
-25.9985,135.7512
-25.9985,135.7492
-25.9985,135.7472
-25.9985,135.7452
-25.9985,135.7432
-25.9985,135.7412
-25.9985,135.7392
-25.9985,135.7372
-25.9985,135.7352
-25.9985,135.7332
-25.9985,135.7312
-25.9985,135.7292
-25.9985,135.7272
-25.9985,135.7252
-25.9985,135.7232
-25.9985,135.7212
-25.9985,135.7192
-25.9985,135.7172
-25.9985,135.7152
-25.9985,135.7132
-25.9985,135.7112
-25.9985,135.7092
-25.9985,135.7072
-25.9985,135.7052
-25.9985,135.7032
-25.9985,135.7012
-25.9985,135.6992
-25.9985,135.6972
-25.9985,135.6952
-25.9985,135.6932
-25.9985,135.6912
-25.9985,135.6892
-25.9985,135.6872
-25.9985,135.6861
-25.9985,135.6852
-25.9985,135.6832
-25.9985,135.6812
-25.9985,135.6809
-25.9985,135.6792
-25.9985,135.6778
-25.9985,135.6772
-25.9985,135.6752
-25.9985,135.6732
-25.9985,135.6712
-25.9985,135.6692
-25.9985,135.6672
-25.9985,135.6652
-25.9985,135.6632
-25.9985,135.6612
-25.9985,135.6592
-25.9985,135.6572
-25.9985,135.6552
-25.9985,135.6532
-25.9985,135.6512
-25.9985,135.6492
-25.9985,135.6472
-25.9985,135.6452
-25.9985,135.6432
-25.9985,135.6412
-25.9985,135.6392
-25.9985,135.6372
-25.9985,135.6352
-25.9985,135.6332
-25.9985,135.6312
-25.9985,135.6292
-25.9985,135.6272
-25.9985,135.6252
-25.9985,135.6232
-25.9985,135.6212
-25.9985,135.6192
-25.9985,135.6189
-25.9985,135.6172
-25.9985,135.6152
-25.9985,135.6132
-25.9985,135.6112
-25.9985,135.6092
-25.9985,135.6072
-25.9985,135.6052
-25.9985,135.6032
-25.9985,135.6012
-25.9985,135.5992
-25.9985,135.5972
-25.9985,135.5952
-25.9985,135.5932
-25.9985,135.5912
-25.9985,135.5892
-25.9985,135.5872
-25.9985,135.5852
-25.9985,135.5832
-25.9985,135.5812
-25.9985,135.5792
-25.9985,135.5772
-25.9985,135.5752
-25.9985,135.5732
-25.9985,135.5712
-25.9985,135.5692
-25.9985,135.5672
-25.9985,135.5652
-25.9985,135.5632
-25.9985,135.5612
-25.9985,135.5592
-25.9985,135.5572
-25.9985,135.5552
-25.9985,135.5532
-25.9985,135.5512
-25.9985,135.5492
-25.9985,135.5472
-25.9985,135.5452
-25.9985,135.5432
-25.9985,135.5412
-25.9985,135.5392
-25.9985,135.5372
-25.9985,135.5352
-25.9985,135.5332
-25.9985,135.5312
-25.9985,135.5292
-25.9985,135.5272
-25.9985,135.5252
-25.9985,135.5232
-25.9985,135.5212
-25.9985,135.5192
-25.9985,135.5172
-25.9985,135.5152
-25.9985,135.5132
-25.9985,135.5112
-25.9985,135.5092
-25.9985,135.5072
-25.9985,135.5052
-25.9985,135.5032
-25.9985,135.5012
-25.9985,135.4992
-25.9985,135.4972
-25.9985,135.4952
-25.9985,135.4932
-25.9985,135.4912
-25.9985,135.4892
-25.9985,135.4872
-25.9985,135.4852
-25.9985,135.4832
-25.9985,135.4812
-25.9985,135.4792
-25.9985,135.4772
-25.9985,135.4752
-25.9985,135.4732
-25.9985,135.4712
-25.9985,135.4692
-25.9985,135.4672
-25.9985,135.4652
-25.9985,135.4632
-25.9985,135.4612
-25.9985,135.4592
-25.9985,135.4572
-25.9985,135.4552
-25.9985,135.4532
-25.9985,135.4512
-25.9985,135.4492
-25.9985,135.4472
-25.9985,135.4452
-25.9985,135.4432
-25.9985,135.4412
-25.9985,135.4392
-25.9985,135.4372
-25.9985,135.4352
-25.9985,135.4332
-25.9985,135.4312
-25.9985,135.4292
-25.9985,135.4272
-25.9985,135.4252
-25.9985,135.4232
-25.9985,135.4212
-25.9985,135.4192
-25.9985,135.4172
-25.9985,135.4152
-25.9985,135.4132
-25.9985,135.4112
-25.9985,135.4092
-25.9985,135.4072
-25.9985,135.4052
-25.9985,135.4032
-25.9985,135.4012
-25.9985,135.3992
-25.9985,135.3972
-25.9985,135.3952
-25.9985,135.3932
-25.9985,135.3912
-25.9985,135.3892
-25.9985,135.3872
-25.9985,135.3852
-25.9985,135.3832
-25.9985,135.3812
-25.9985,135.3792
-25.9985,135.3772
-25.9985,135.3752
-25.9985,135.3732
-25.9985,135.3712
-25.9985,135.3692
-25.9985,135.3672
-25.9985,135.3652
-25.9985,135.3632
-25.9985,135.3612
-25.9985,135.3592
-25.9985,135.3572
-25.9985,135.3552
-25.9985,135.3532
-25.9985,135.3512
-25.9985,135.3492
-25.9985,135.3472
-25.9985,135.3452
-25.9985,135.3432
-25.9985,135.3412
-25.9985,135.3392
-25.9985,135.3372
-25.9985,135.3352
-25.9985,135.3334
-25.9985,135.3332
-25.9985,135.3323
-25.9985,135.3292
-25.9985,135.3272
-25.9985,135.3252
-25.9985,135.3232
-25.9985,135.3212
-25.9985,135.3192
-25.9985,135.3172
-25.9985,135.3152
-25.9985,135.3132
-25.9985,135.3112
-25.9985,135.3092
-25.9985,135.3072
-25.9985,135.3052
-25.9985,135.3032
-25.9985,135.3012
-25.9985,135.2992
-25.9985,135.2972
-25.9985,135.2952
-25.9985,135.2932
-25.9985,135.2912
-25.9985,135.2892
-25.9985,135.2872
-25.9985,135.2852
-25.9985,135.2832
-25.9985,135.2812
-25.9985,135.2792
-25.9985,135.2772
-25.9985,135.2752
-25.9985,135.2732
-25.9985,135.2712
-25.9985,135.2692
-25.9985,135.2672
-25.9985,135.2652
-25.9985,135.2632
-25.9985,135.2612
-25.9985,135.2592
-25.9985,135.2572
-25.9985,135.2552
-25.9985,135.2532
-25.9985,135.2512
-25.9985,135.2492
-25.9985,135.2482
-25.9985,135.2472
-25.9985,135.2452
-25.9985,135.2432
-25.9985,135.2412
-25.9985,135.2392
-25.9985,135.2372
-25.9985,135.2352
-25.9985,135.2332
-25.9985,135.2312
-25.9985,135.2292
-25.9985,135.2272
-25.9985,135.2252
-25.9985,135.2232
-25.9985,135.2230
-25.9985,135.2212
-25.9985,135.2192
-25.9985,135.2172
-25.9985,135.2163
-25.9985,135.2152
-25.9985,135.2132
-25.9985,135.2112
-25.9985,135.2092
-25.9985,135.2072
-25.9985,135.2052
-25.9985,135.2032
-25.9985,135.2013
-25.9985,135.2012
-25.9985,135.1992
-25.9985,135.1989
-25.9985,135.1972
-25.9985,135.1955
-25.9985,135.1952
-25.9985,135.1932
-25.9985,135.1912
-25.9985,135.1892
-25.9985,135.1872
-25.9985,135.1852
-25.9985,135.1832
-25.9985,135.1812
-25.9985,135.1792
-25.9985,135.1772
-25.9985,135.1752
-25.9985,135.1732
-25.9985,135.1712
-25.9985,135.1708
-25.9985,135.1692
-25.9985,135.1672
-25.9985,135.1652
-25.9985,135.1632
-25.9985,135.1621
-25.9985,135.1612
-25.9985,135.1592
-25.9985,135.1572
-25.9985,135.1552
-25.9985,135.1532
-25.9985,135.1512
-25.9985,135.1492
-25.9985,135.1486
-25.9985,135.1472
-25.9985,135.1452
-25.9985,135.1433
-25.9985,135.1432
-25.9985,135.1421
-25.9985,135.1412
-25.9985,135.1392
-25.9985,135.1372
-25.9985,135.1363
-25.9985,135.1352
-25.9985,135.1332
-25.9985,135.1312
-25.9985,135.1292
-25.9985,135.1272
-25.9985,135.1252
-25.9985,135.1232
-25.9985,135.1212
-25.9985,135.1192
-25.9985,135.1172
-25.9985,135.1172
-25.9985,135.1152
-25.9985,135.1132
-25.9985,135.1112
-25.9985,135.1092
-25.9985,135.1079
-25.9985,135.1072
-25.9985,135.1052
-25.9985,135.1032
-25.9985,135.1012
-25.9985,135.0992
-25.9985,135.0972
-25.9985,135.0952
-25.9985,135.0932
-25.9985,135.0912
-25.9985,135.0892
-25.9985,135.0872
-25.9985,135.0852
-25.9985,135.0832
-25.9985,135.0812
-25.9985,135.0792
-25.9985,135.0772
-25.9985,135.0752
-25.9985,135.0732
-25.9985,135.0712
-25.9985,135.0692
-25.9985,135.0672
-25.9985,135.0652
-25.9985,135.0632
-25.9985,135.0629
-25.9985,135.0612
-25.9985,135.0592
-25.9985,135.0572
-25.9985,135.0552
-25.9985,135.0532
-25.9985,135.0531
-25.9985,135.0512
-25.9985,135.0492
-25.9985,135.0472
-25.9985,135.0452
-25.9985,135.0448
-25.9985,135.0432
-25.9985,135.0412
-25.9985,135.0392
-25.9985,135.0372
-25.9985,135.0352
-25.9985,135.0332
-25.9985,135.0312
-25.9985,135.0292
-25.9985,135.0272
-25.9985,135.0252
-25.9985,135.0232
-25.9985,135.0212
-25.9985,135.0192
-25.9985,135.0172
-25.9985,135.0142
-25.9985,135.0012
-25.9985,134.9992
-25.9985,134.9972
-25.9985,134.9952
-25.9985,134.9932
-25.9985,134.9912
-25.9985,134.9892
-25.9985,134.9872
-25.9985,134.9866
-25.9985,134.9852
-25.9985,134.9832
-25.9985,134.9812
-25.9985,134.9792
-25.9985,134.9772
-25.9985,134.9752
-25.9985,134.9732
-25.9985,134.9712
-25.9985,134.9705
-25.9985,134.9692
-25.9985,134.9672
-25.9985,134.9652
-25.9985,134.9632
-25.9985,134.9612
-25.9985,134.9608
-25.9985,134.9592
-25.9985,134.9572
-25.9985,134.9552
-25.9985,134.9544
-25.9985,134.9383
-25.9985,134.9222
-25.9985,134.9062
-25.9985,134.9052
-25.9985,134.9032
-25.9985,134.9012
-25.9985,134.8992
-25.9985,134.8972
-25.9985,134.8952
-25.9985,134.8932
-25.9985,134.8912
-25.9985,134.8901
-25.9985,134.8892
-25.9985,134.8872
-25.9985,134.8852
-25.9985,134.8832
-25.9985,134.8812
-25.9985,134.8792
-25.9985,134.8772
-25.9985,134.8752
-25.9985,134.8740
-25.9985,134.8732
-25.9985,134.8712
-25.9985,134.8692
-25.9985,134.8672
-25.9985,134.8652
-25.9985,134.8632
-25.9985,134.8612
-25.9985,134.8592
-25.9985,134.8579
-25.9985,134.8572
-25.9985,134.8552
-25.9985,134.8532
-25.9985,134.8512
-25.9985,134.8492
-25.9985,134.8472
-25.9985,134.8452
-25.9985,134.8432
-25.9985,134.8419
-25.9985,134.8412
-25.9985,134.8392
-25.9985,134.8372
-25.9985,134.8352
-25.9985,134.8332
-25.9985,134.8312
-25.9985,134.8292
-25.9985,134.8272
-25.9985,134.8258
-25.9985,134.8252
-25.9985,134.8232
-25.9985,134.8212
-25.9985,134.8192
-25.9985,134.8172
-25.9985,134.8152
-25.9985,134.8132
-25.9985,134.8112
-25.9985,134.8097
-25.9985,134.8092
-25.9985,134.8072
-25.9985,134.8052
-25.9985,134.8032
-25.9985,134.8012
-25.9985,134.7992
-25.9985,134.7972
-25.9985,134.7952
-25.9985,134.7936
-25.9985,134.7932
-25.9985,134.7912
-25.9985,134.7892
-25.9985,134.7872
-25.9985,134.7852
-25.9985,134.7832
-25.9985,134.7812
-25.9985,134.7792
-25.9985,134.7776
-25.9985,134.7772
-25.9985,134.7752
-25.9985,134.7741
-25.9985,134.7652
-25.9985,134.7632
-25.9985,134.7615
-25.9985,134.7612
-25.9985,134.7592
-25.9985,134.7572
-25.9985,134.7552
-25.9985,134.7532
-25.9985,134.7512
-25.9985,134.7492
-25.9985,134.7472
-25.9985,134.7454
-25.9985,134.7452
-25.9985,134.7432
-25.9985,134.7412
-25.9985,134.7392
-25.9985,134.7372
-25.9985,134.7352
-25.9985,134.7332
-25.9985,134.7312
-25.9985,134.7293
-25.9985,134.7292
-25.9985,134.7272
-25.9985,134.7252
-25.9985,134.7232
-25.9985,134.7212
-25.9985,134.7192
-25.9985,134.7172
-25.9985,134.7152
-25.9985,134.7133
-25.9985,134.7132
-25.9985,134.7112
-25.9985,134.7092
-25.9985,134.7072
-25.9985,134.7052
-25.9985,134.7032
-25.9985,134.7012
-25.9985,134.6992
-25.9985,134.6972
-25.9985,134.6972
-25.9985,134.6952
-25.9985,134.6932
-25.9985,134.6912
-25.9985,134.6892
-25.9985,134.6872
-25.9985,134.6852
-25.9985,134.6832
-25.9985,134.6812
-25.9985,134.6811
-25.9985,134.6792
-25.9985,134.6772
-25.9985,134.6752
-25.9985,134.6732
-25.9985,134.6712
-25.9985,134.6692
-25.9985,134.6672
-25.9985,134.6652
-25.9985,134.6650
-25.9985,134.6632
-25.9985,134.6612
-25.9985,134.6592
-25.9985,134.6572
-25.9985,134.6552
-25.9985,134.6532
-25.9985,134.6512
-25.9985,134.6492
-25.9985,134.6490
-25.9985,134.6472
-25.9985,134.6452
-25.9985,134.6432
-25.9985,134.6412
-25.9985,134.6392
-25.9985,134.6372
-25.9985,134.6352
-25.9985,134.6332
-25.9985,134.6329
-25.9985,134.6312
-25.9985,134.6292
-25.9985,134.6272
-25.9985,134.6252
-25.9985,134.6232
-25.9985,134.6212
-25.9985,134.6192
-25.9985,134.6172
-25.9985,134.6168
-25.9985,134.6152
-25.9985,134.6132
-25.9985,134.6112
-25.9985,134.6092
-25.9985,134.6072
-25.9985,134.6052
-25.9985,134.6032
-25.9985,134.6012
-25.9985,134.6008
-25.9985,134.5992
-25.9985,134.5972
-25.9985,134.5952
-25.9985,134.5932
-25.9985,134.5912
-25.9985,134.5892
-25.9985,134.5872
-25.9985,134.5852
-25.9985,134.5847
-25.9985,134.5832
-25.9985,134.5812
-25.9985,134.5792
-25.9985,134.5772
-25.9985,134.5752
-25.9985,134.5732
-25.9985,134.5712
-25.9985,134.5692
-25.9985,134.5686
-25.9985,134.5672
-25.9985,134.5652
-25.9985,134.5632
-25.9985,134.5612
-25.9985,134.5592
-25.9985,134.5572
-25.9985,134.5552
-25.9985,134.5532
-25.9985,134.5525
-25.9985,134.5512
-25.9985,134.5492
-25.9985,134.5472
-25.9985,134.5452
-25.9985,134.5432
-25.9985,134.5412
-25.9985,134.5392
-25.9985,134.5372
-25.9985,134.5365
-25.9985,134.5352
-25.9985,134.5332
-25.9985,134.5312
-25.9985,134.5292
-25.9985,134.5272
-25.9985,134.5252
-25.9985,134.5232
-25.9985,134.5212
-25.9985,134.5204
-25.9985,134.5192
-25.9985,134.5172
-25.9985,134.5152
-25.9985,134.5132
-25.9985,134.5112
-25.9985,134.5092
-25.9985,134.5072
-25.9985,134.5052
-25.9985,134.5043
-25.9985,134.5032
-25.9985,134.5012
-25.9985,134.4992
-25.9985,134.4972
-25.9985,134.4952
-25.9985,134.4932
-25.9985,134.4912
-25.9985,134.4892
-25.9985,134.4882
-25.9985,134.4872
-25.9985,134.4852
-25.9985,134.4832
-25.9985,134.4812
-25.9985,134.4792
-25.9985,134.4772
-25.9985,134.4752
-25.9985,134.4732
-25.9985,134.4722
-25.9985,134.4712
-25.9985,134.4692
-25.9985,134.4672
-25.9985,134.4652
-25.9985,134.4632
-25.9985,134.4612
-25.9985,134.4592
-25.9985,134.4572
-25.9985,134.4561
-25.9985,134.4552
-25.9985,134.4532
-25.9985,134.4512
-25.9985,134.4492
-25.9985,134.4472
-25.9985,134.4452
-25.9985,134.4432
-25.9985,134.4412
-25.9985,134.4400
-25.9985,134.4392
-25.9985,134.4372
-25.9985,134.4352
-25.9985,134.4332
-25.9985,134.4312
-25.9985,134.4292
-25.9985,134.4272
-25.9985,134.4252
-25.9985,134.4239
-25.9985,134.4232
-25.9985,134.4212
-25.9985,134.4192
-25.9985,134.4172
-25.9985,134.4152
-25.9985,134.4132
-25.9985,134.4112
-25.9985,134.4092
-25.9985,134.4079
-25.9985,134.4072
-25.9985,134.4052
-25.9985,134.4032
-25.9985,134.4012
-25.9985,134.3992
-25.9985,134.3972
-25.9985,134.3952
-25.9985,134.3932
-25.9985,134.3918
-25.9985,134.3912
-25.9985,134.3892
-25.9985,134.3872
-25.9985,134.3852
-25.9985,134.3832
-25.9985,134.3812
-25.9985,134.3792
-25.9985,134.3772
-25.9985,134.3757
-25.9985,134.3752
-25.9985,134.3732
-25.9985,134.3712
-25.9985,134.3692
-25.9985,134.3672
-25.9985,134.3652
-25.9985,134.3632
-25.9985,134.3612
-25.9985,134.3596
-25.9985,134.3592
-25.9985,134.3572
-25.9985,134.3552
-25.9985,134.3532
-25.9985,134.3512
-25.9985,134.3492
-25.9985,134.3472
-25.9985,134.3452
-25.9985,134.3436
-25.9985,134.3432
-25.9985,134.3412
-25.9985,134.3392
-25.9985,134.3372
-25.9985,134.3352
-25.9985,134.3332
-25.9985,134.3312
-25.9985,134.3292
-25.9985,134.3275
-25.9985,134.3272
-25.9985,134.3252
-25.9985,134.3232
-25.9985,134.3212
-25.9985,134.3192
-25.9985,134.3172
-25.9985,134.3152
-25.9985,134.3132
-25.9985,134.3114
-25.9985,134.3112
-25.9985,134.3092
-25.9985,134.3072
-25.9985,134.3052
-25.9985,134.3032
-25.9985,134.3012
-25.9985,134.2992
-25.9985,134.2972
-25.9985,134.2953
-25.9985,134.2952
-25.9985,134.2932
-25.9985,134.2912
-25.9985,134.2892
-25.9985,134.2872
-25.9985,134.2852
-25.9985,134.2832
-25.9985,134.2812
-25.9985,134.2793
-25.9985,134.2792
-25.9985,134.2772
-25.9985,134.2752
-25.9985,134.2732
-25.9985,134.2712
-25.9985,134.2692
-25.9985,134.2672
-25.9985,134.2652
-25.9985,134.2632
-25.9985,134.2632
-25.9985,134.2612
-25.9985,134.2592
-25.9985,134.2572
-25.9985,134.2552
-25.9985,134.2532
-25.9985,134.2512
-25.9985,134.2492
-25.9985,134.2472
-25.9985,134.2471
-25.9985,134.2452
-25.9985,134.2432
-25.9985,134.2412
-25.9985,134.2392
-25.9985,134.2372
-25.9985,134.2352
-25.9985,134.2332
-25.9985,134.2312
-25.9985,134.2311
-25.9985,134.2292
-25.9985,134.2272
-25.9985,134.2252
-25.9985,134.2232
-25.9985,134.2212
-25.9985,134.2192
-25.9985,134.2172
-25.9985,134.2152
-25.9985,134.2150
-25.9985,134.2132
-25.9985,134.2112
-25.9985,134.2092
-25.9985,134.2072
-25.9985,134.2052
-25.9985,134.2032
-25.9985,134.2012
-25.9985,134.1992
-25.9985,134.1989
-25.9985,134.1972
-25.9985,134.1952
-25.9985,134.1932
-25.9985,134.1912
-25.9985,134.1892
-25.9985,134.1872
-25.9985,134.1852
-25.9985,134.1832
-25.9985,134.1828
-25.9985,134.1812
-25.9985,134.1792
-25.9985,134.1772
-25.9985,134.1752
-25.9985,134.1732
-25.9985,134.1712
-25.9985,134.1692
-25.9985,134.1672
-25.9985,134.1652
-25.9985,134.1632
-25.9985,134.1612
-25.9985,134.1592
-25.9985,134.1572
-25.9985,134.1552
-25.9985,134.1532
-25.9985,134.1512
-25.9985,134.1507
-25.9985,134.1492
-25.9985,134.1472
-25.9985,134.1452
-25.9985,134.1432
-25.9985,134.1412
-25.9985,134.1392
-25.9985,134.1372
-25.9985,134.1352
-25.9985,134.1346
-25.9985,134.1346
-25.9985,134.1332
-25.9985,134.1312
-25.9985,134.1292
-25.9985,134.1272
-25.9985,134.1252
-25.9985,134.1232
-25.9985,134.1212
-25.9985,134.1192
-25.9985,134.1172
-25.9985,134.1152
-25.9985,134.1132
-25.9985,134.1112
-25.9985,134.1092
-25.9985,134.1072
-25.9985,134.1052
-25.9985,134.1032
-25.9985,134.1012
-25.9985,134.0992
-25.9985,134.0972
-25.9985,134.0952
-25.9985,134.0932
-25.9985,134.0912
-25.9985,134.0892
-25.9985,134.0872
-25.9985,134.0852
-25.9985,134.0832
-25.9985,134.0812
-25.9985,134.0792
-25.9985,134.0772
-25.9985,134.0752
-25.9985,134.0732
-25.9985,134.0712
-25.9985,134.0692
-25.9985,134.0672
-25.9985,134.0652
-25.9985,134.0632
-25.9985,134.0612
-25.9985,134.0592
-25.9985,134.0572
-25.9985,134.0552
-25.9985,134.0532
-25.9985,134.0512
-25.9985,134.0492
-25.9985,134.0472
-25.9985,134.0452
-25.9985,134.0432
-25.9985,134.0412
-25.9985,134.0392
-25.9985,134.0372
-25.9985,134.0352
-25.9985,134.0332
-25.9985,134.0312
-25.9985,134.0292
-25.9985,134.0272
-25.9985,134.0252
-25.9985,134.0232
-25.9985,134.0212
-25.9985,134.0192
-25.9985,134.0172
-25.9985,134.0152
-25.9985,134.0132
-25.9985,134.0112
-25.9985,134.0092
-25.9985,134.0072
-25.9985,134.0052
-25.9985,134.0032
-25.9985,134.0012
-25.9985,133.9992
-25.9985,133.9972
-25.9985,133.9952
-25.9985,133.9932
-25.9985,133.9912
-25.9985,133.9892
-25.9985,133.9872
-25.9985,133.9852
-25.9985,133.9832
-25.9985,133.9812
-25.9985,133.9792
-25.9985,133.9772
-25.9985,133.9752
-25.9985,133.9732
-25.9985,133.9712
-25.9985,133.9692
-25.9985,133.9672
-25.9985,133.9652
-25.9985,133.9632
-25.9985,133.9612
-25.9985,133.9592
-25.9985,133.9572
-25.9985,133.9552
-25.9985,133.9532
-25.9985,133.9512
-25.9985,133.9492
-25.9985,133.9472
-25.9985,133.9452
-25.9985,133.9432
-25.9985,133.9412
-25.9985,133.9392
-25.9985,133.9372
-25.9985,133.9352
-25.9985,133.9332
-25.9985,133.9312
-25.9985,133.9292
-25.9985,133.9272
-25.9985,133.9252
-25.9985,133.9232
-25.9985,133.9212
-25.9985,133.9192
-25.9985,133.9172
-25.9985,133.9152
-25.9985,133.9132
-25.9985,133.9112
-25.9985,133.9092
-25.9985,133.9072
-25.9985,133.9052
-25.9985,133.9032
-25.9985,133.9012
-25.9985,133.8992
-25.9985,133.8972
-25.9985,133.8952
-25.9985,133.8932
-25.9985,133.8912
-25.9985,133.8892
-25.9985,133.8872
-25.9985,133.8852
-25.9985,133.8832
-25.9985,133.8812
-25.9985,133.8792
-25.9985,133.8772
-25.9985,133.8752
-25.9985,133.8732
-25.9985,133.8712
-25.9985,133.8692
-25.9985,133.8672
-25.9985,133.8652
-25.9985,133.8632
-25.9985,133.8612
-25.9985,133.8592
-25.9985,133.8572
-25.9985,133.8552
-25.9985,133.8532
-25.9985,133.8512
-25.9985,133.8492
-25.9985,133.8472
-25.9985,133.8452
-25.9985,133.8432
-25.9985,133.8412
-25.9985,133.8392
-25.9985,133.8372
-25.9985,133.8352
-25.9985,133.8332
-25.9985,133.8312
-25.9985,133.8292
-25.9985,133.8272
-25.9985,133.8252
-25.9985,133.8232
-25.9985,133.8212
-25.9985,133.8192
-25.9985,133.8172
-25.9985,133.8152
-25.9985,133.8132
-25.9985,133.8112
-25.9985,133.8092
-25.9985,133.8072
-25.9985,133.8052
-25.9985,133.8032
-25.9985,133.8012
-25.9985,133.7992
-25.9985,133.7972
-25.9985,133.7952
-25.9985,133.7932
-25.9985,133.7912
-25.9985,133.7892
-25.9985,133.7872
-25.9985,133.7852
-25.9985,133.7832
-25.9985,133.7812
-25.9985,133.7792
-25.9985,133.7772
-25.9985,133.7752
-25.9985,133.7732
-25.9985,133.7712
-25.9985,133.7692
-25.9985,133.7672
-25.9985,133.7652
-25.9985,133.7632
-25.9985,133.7612
-25.9985,133.7592
-25.9985,133.7572
-25.9985,133.7552
-25.9985,133.7532
-25.9985,133.7512
-25.9985,133.7492
-25.9985,133.7472
-25.9985,133.7452
-25.9985,133.7432
-25.9985,133.7412
-25.9985,133.7392
-25.9985,133.7372
-25.9985,133.7352
-25.9985,133.7332
-25.9985,133.7312
-25.9985,133.7292
-25.9985,133.7272
-25.9985,133.7252
-25.9985,133.7232
-25.9985,133.7212
-25.9985,133.7192
-25.9985,133.7172
-25.9985,133.7152
-25.9985,133.7132
-25.9985,133.7112
-25.9985,133.7092
-25.9985,133.7072
-25.9985,133.7052
-25.9985,133.7032
-25.9985,133.7012
-25.9985,133.6992
-25.9985,133.6972
-25.9985,133.6952
-25.9985,133.6932
-25.9985,133.6912
-25.9985,133.6892
-25.9985,133.6872
-25.9985,133.6852
-25.9985,133.6832
-25.9985,133.6812
-25.9985,133.6792
-25.9985,133.6772
-25.9985,133.6752
-25.9985,133.6732
-25.9985,133.6712
-25.9985,133.6692
-25.9985,133.6672
-25.9985,133.6652
-25.9985,133.6632
-25.9985,133.6612
-25.9985,133.6592
-25.9985,133.6572
-25.9985,133.6552
-25.9985,133.6532
-25.9985,133.6512
-25.9985,133.6492
-25.9985,133.6472
-25.9985,133.6452
-25.9985,133.6432
-25.9985,133.6412
-25.9985,133.6392
-25.9985,133.6372
-25.9985,133.6352
-25.9985,133.6332
-25.9985,133.6312
-25.9985,133.6292
-25.9985,133.6272
-25.9985,133.6252
-25.9985,133.6232
-25.9985,133.6212
-25.9985,133.6192
-25.9985,133.6172
-25.9985,133.6152
-25.9985,133.6132
-25.9985,133.6112
-25.9985,133.6092
-25.9985,133.6072
-25.9985,133.6052
-25.9985,133.6032
-25.9985,133.6012
-25.9985,133.5992
-25.9985,133.5972
-25.9985,133.5952
-25.9985,133.5932
-25.9985,133.5912
-25.9985,133.5892
-25.9985,133.5872
-25.9985,133.5852
-25.9985,133.5832
-25.9985,133.5812
-25.9985,133.5792
-25.9985,133.5772
-25.9985,133.5752
-25.9985,133.5732
-25.9985,133.5712
-25.9985,133.5692
-25.9985,133.5672
-25.9985,133.5652
-25.9985,133.5632
-25.9985,133.5612
-25.9985,133.5592
-25.9985,133.5572
-25.9985,133.5552
-25.9985,133.5532
-25.9985,133.5512
-25.9985,133.5492
-25.9985,133.5472
-25.9985,133.5452
-25.9985,133.5432
-25.9985,133.5412
-25.9985,133.5392
-25.9985,133.5372
-25.9985,133.5352
-25.9985,133.5332
-25.9985,133.5312
-25.9985,133.5292
-25.9985,133.5272
-25.9985,133.5252
-25.9985,133.5232
-25.9985,133.5212
-25.9985,133.5192
-25.9985,133.5172
-25.9985,133.5152
-25.9985,133.5132
-25.9985,133.5112
-25.9985,133.5092
-25.9985,133.5072
-25.9985,133.5052
-25.9985,133.5032
-25.9985,133.5012
-25.9985,133.4916
-25.9985,133.4755
-25.9985,133.4595
-25.9985,133.4434
-25.9985,133.4273
-25.9985,133.4112
-25.9985,133.3952
-25.9985,133.3791
-25.9985,133.3630
-25.9985,133.3470
-25.9985,133.3309
-25.9985,133.3148
-25.9985,133.2987
-25.9985,133.2827
-25.9985,133.2666
-25.9985,133.2505
-25.9985,133.2344
-25.9985,133.2184
-25.9985,133.2023
-25.9985,133.1971
-25.9985,133.1862
-25.9985,133.1701
-25.9985,133.1541
-25.9985,133.1380
-25.9985,133.1219
-25.9985,133.1118
-25.9985,133.1058
-25.9985,133.0898
-25.9985,133.0737
-25.9985,133.0576
-25.9985,133.0415
-25.9985,133.0255
-25.9985,133.0094
-25.9985,133.0012
-25.9985,132.9933
-25.9985,132.9887
-25.9985,132.9772
-25.9985,132.9612
-25.9985,132.9451
-25.9985,132.9290
-25.9985,132.9129
-25.9985,132.8969
-25.9985,132.8808
-25.9985,132.8647
-25.9985,132.8486
-25.9985,132.8326
-25.9985,132.8165
-25.9985,132.8004
-25.9985,132.7843
-25.9985,132.7683
-25.9985,132.7522
-25.9985,132.7361
-25.9985,132.7200
-25.9985,132.7040
-25.9985,132.6879
-25.9985,132.6718
-25.9985,132.6557
-25.9985,132.6397
-25.9985,132.6236
-25.9985,132.6075
-25.9985,132.5915
-25.9985,132.5754
-25.9985,132.5593
-25.9985,132.5432
-25.9985,132.5272
-25.9985,132.5111
-25.9985,132.5012
-25.9985,132.4950
-25.9985,132.4789
-25.9985,132.4629
-25.9985,132.4468
-25.9985,132.4307
-25.9985,132.4146
-25.9985,132.3986
-25.9985,132.3825
-25.9985,132.3664
-25.9985,132.3503
-25.9985,132.3343
-25.9985,132.3182
-25.9985,132.3021
-25.9985,132.2860
-25.9985,132.2700
-25.9985,132.2539
-25.9985,132.2378
-25.9985,132.2217
-25.9985,132.2057
-25.9985,132.1896
-25.9985,132.1735
-25.9985,132.1575
-25.9985,132.1414
-25.9985,132.1253
-25.9985,132.1092
-25.9985,132.0932
-25.9985,132.0771
-25.9985,132.0610
-25.9985,132.0449
-25.9985,132.0289
-25.9985,132.0128
-25.9985,132.0013
-25.9985,131.9967
-25.9985,131.9953
-25.9985,131.9933
-25.9985,131.9913
-25.9985,131.9893
-25.9985,131.9873
-25.9985,131.9866
-25.9985,131.9853
-25.9985,131.9833
-25.9985,131.9813
-25.9985,131.9793
-25.9985,131.9773
-25.9985,131.9753
-25.9985,131.9733
-25.9985,131.9713
-25.9985,131.9705
-25.9985,131.9693
-25.9985,131.9673
-25.9985,131.9653
-25.9985,131.9633
-25.9985,131.9613
-25.9985,131.9608
-25.9985,131.9593
-25.9985,131.9573
-25.9985,131.9553
-25.9985,131.9543
-25.9994,131.7513
-25.9985,131.7513
-25.9985,131.6960
-25.9985,131.6913
-25.9985,131.6752
-25.9985,131.6591
-25.9985,131.6431
-25.9985,131.6270
-25.9985,131.6109
-25.9985,131.5948
-25.9985,131.5788
-25.9985,131.5627
-25.9985,131.5466
-25.9985,131.5305
-25.9985,131.5145
-25.9985,131.5013
-25.9985,131.4984
-25.9985,131.4823
-25.9985,131.4663
-25.9985,131.4502
-25.9985,131.4341
-25.9985,131.4180
-25.9985,131.4020
-25.9985,131.3859
-25.9986,131.3715
-25.9985,131.3537
-25.9985,131.3377
-25.9985,131.3216
-25.9985,131.3055
-25.9985,131.2894
-25.9985,131.2734
-25.9985,131.2573
-25.9985,131.2412
-25.9985,131.2251
-25.9985,131.2091
-25.9985,131.1930
-25.9985,131.1769
-25.9985,131.1608
-25.9985,131.1448
-25.9985,131.1287
-25.9985,131.0963
-25.9985,131.0483
-25.9985,131.0322
-25.9985,131.0162
-25.9985,131.0013
-25.9985,131.0001
-25.9985,130.9840
-25.9985,130.9679
-25.9985,130.9519
-25.9985,130.9358
-25.9985,130.9197
-25.9985,130.9037
-25.9985,130.8876
-25.9985,130.8715
-25.9985,130.8554
-25.9985,130.8394
-25.9985,130.8233
-25.9985,130.8072
-25.9985,130.7911
-25.9985,130.7751
-25.9985,130.7590
-25.9985,130.7429
-25.9985,130.7268
-25.9985,130.7108
-25.9985,130.6947
-25.9985,130.6786
-25.9985,130.6625
-25.9985,130.6465
-25.9985,130.6304
-25.9985,130.6143
-25.9985,130.5982
-25.9985,130.5822
-25.9985,130.5661
-25.9985,130.5500
-25.9985,130.5339
-25.9985,130.5290
-25.9985,130.5179
-25.9985,130.5018
-25.9985,130.4993
-25.9985,130.4973
-25.9985,130.4953
-25.9985,130.4933
-25.9985,130.4913
-25.9985,130.4893
-25.9985,130.4873
-25.9985,130.4853
-25.9985,130.4833
-25.9985,130.4813
-25.9985,130.4793
-25.9985,130.4773
-25.9985,130.4753
-25.9985,130.4733
-25.9985,130.4713
-25.9985,130.4693
-25.9985,130.4673
-25.9985,130.4653
-25.9985,130.4633
-25.9985,130.4613
-25.9985,130.4593
-25.9985,130.4573
-25.9985,130.4553
-25.9985,130.4533
-25.9985,130.4513
-25.9985,130.4493
-25.9985,130.4473
-25.9985,130.4453
-25.9985,130.4433
-25.9985,130.4413
-25.9985,130.4393
-25.9985,130.4373
-25.9985,130.4353
-25.9985,130.4333
-25.9985,130.4313
-25.9985,130.4293
-25.9985,130.4273
-25.9985,130.4253
-25.9985,130.4233
-25.9985,130.4213
-25.9985,130.4193
-25.9985,130.4173
-25.9985,130.4153
-25.9985,130.4133
-25.9985,130.4113
-25.9985,130.4093
-25.9985,130.4073
-25.9985,130.4053
-25.9985,130.4033
-25.9985,130.4013
-25.9985,130.3993
-25.9985,130.3973
-25.9985,130.3953
-25.9985,130.3933
-25.9985,130.3913
-25.9985,130.3893
-25.9985,130.3873
-25.9985,130.3853
-25.9985,130.3833
-25.9985,130.3813
-25.9985,130.3793
-25.9985,130.3773
-25.9985,130.3753
-25.9985,130.3733
-25.9985,130.3713
-25.9985,130.3693
-25.9985,130.3673
-25.9985,130.3653
-25.9985,130.3633
-25.9985,130.3613
-25.9985,130.3593
-25.9985,130.3573
-25.9985,130.3553
-25.9985,130.3533
-25.9985,130.3513
-25.9985,130.3493
-25.9985,130.3473
-25.9985,130.3453
-25.9985,130.3433
-25.9985,130.3413
-25.9985,130.3393
-25.9985,130.3373
-25.9985,130.3353
-25.9985,130.3333
-25.9985,130.3313
-25.9985,130.3293
-25.9985,130.3273
-25.9985,130.3253
-25.9985,130.3233
-25.9985,130.3213
-25.9985,130.3193
-25.9985,130.3173
-25.9985,130.3153
-25.9985,130.3133
-25.9985,130.3113
-25.9985,130.3093
-25.9985,130.3089
-25.9985,130.3073
-25.9985,130.3053
-25.9985,130.3033
-25.9985,130.3013
-25.9985,130.2993
-25.9985,130.2973
-25.9985,130.2953
-25.9985,130.2933
-25.9985,130.2928
-25.9985,130.2913
-25.9985,130.2893
-25.9985,130.2873
-25.9985,130.2853
-25.9985,130.2833
-25.9985,130.2813
-25.9985,130.2793
-25.9985,130.2773
-25.9985,130.2753
-25.9985,130.2733
-25.9985,130.2713
-25.9985,130.2693
-25.9985,130.2673
-25.9985,130.2653
-25.9985,130.2633
-25.9985,130.2613
-25.9985,130.2593
-25.9985,130.2573
-25.9985,130.2553
-25.9985,130.2533
-25.9985,130.2513
-25.9985,130.2493
-25.9985,130.2473
-25.9985,130.2453
-25.9985,130.2433
-25.9985,130.2413
-25.9985,130.2393
-25.9985,130.2373
-25.9985,130.2353
-25.9985,130.2333
-25.9985,130.2313
-25.9985,130.2293
-25.9985,130.2273
-25.9985,130.2253
-25.9985,130.2233
-25.9985,130.2213
-25.9985,130.2193
-25.9985,130.2173
-25.9985,130.2153
-25.9985,130.2133
-25.9985,130.2113
-25.9985,130.2093
-25.9985,130.2073
-25.9985,130.2053
-25.9985,130.2033
-25.9985,130.2013
-25.9985,130.1993
-25.9985,130.1973
-25.9985,130.1953
-25.9985,130.1933
-25.9985,130.1913
-25.9985,130.1893
-25.9985,130.1873
-25.9985,130.1853
-25.9985,130.1833
-25.9985,130.1813
-25.9985,130.1793
-25.9985,130.1773
-25.9985,130.1753
-25.9985,130.1733
-25.9985,130.1713
-25.9985,130.1693
-25.9985,130.1673
-25.9985,130.1653
-25.9985,130.1633
-25.9985,130.1613
-25.9985,130.1593
-25.9985,130.1573
-25.9985,130.1553
-25.9985,130.1533
-25.9985,130.1513
-25.9985,130.1493
-25.9985,130.1473
-25.9985,130.1453
-25.9985,130.1433
-25.9985,130.1413
-25.9985,130.1393
-25.9985,130.1373
-25.9985,130.1353
-25.9985,130.1333
-25.9985,130.1313
-25.9985,130.1293
-25.9985,130.1273
-25.9985,130.1253
-25.9985,130.1233
-25.9985,130.1213
-25.9985,130.1193
-25.9985,130.1173
-25.9985,130.1153
-25.9985,130.1133
-25.9985,130.1113
-25.9985,130.1093
-25.9985,130.1073
-25.9985,130.1053
-25.9985,130.1033
-25.9985,130.1013
-25.9985,130.0993
-25.9985,130.0973
-25.9985,130.0953
-25.9985,130.0933
-25.9985,130.0913
-25.9985,130.0893
-25.9985,130.0873
-25.9985,130.0853
-25.9985,130.0833
-25.9985,130.0813
-25.9985,130.0793
-25.9985,130.0773
-25.9985,130.0753
-25.9985,130.0733
-25.9985,130.0713
-25.9985,130.0693
-25.9985,130.0673
-25.9985,130.0653
-25.9985,130.0633
-25.9985,130.0613
-25.9985,130.0593
-25.9985,130.0573
-25.9985,130.0553
-25.9985,130.0533
-25.9985,130.0513
-25.9985,130.0493
-25.9985,130.0473
-25.9985,130.0453
-25.9985,130.0433
-25.9985,130.0413
-25.9985,130.0393
-25.9985,130.0373
-25.9985,130.0353
-25.9985,130.0333
-25.9985,130.0313
-25.9985,130.0293
-25.9985,130.0273
-25.9985,130.0253
-25.9985,130.0233
-25.9985,130.0213
-25.9985,130.0193
-25.9985,130.0173
-25.9985,130.0153
-25.9985,130.0133
-25.9985,130.0113
-25.9985,130.0093
-25.9985,130.0073
-25.9985,130.0053
-25.9985,130.0033
-25.9985,130.0013
-25.9985,129.9993
-25.9985,129.9973
-25.9985,129.9953
-25.9985,129.9933
-25.9985,129.9913
-25.9985,129.9893
-25.9985,129.9873
-25.9985,129.9853
-25.9985,129.9833
-25.9985,129.9813
-25.9985,129.9793
-25.9985,129.9773
-25.9985,129.9753
-25.9985,129.9733
-25.9985,129.9713
-25.9985,129.9693
-25.9985,129.9673
-25.9985,129.9653
-25.9985,129.9633
-25.9985,129.9613
-25.9985,129.9593
-25.9985,129.9573
-25.9985,129.9553
-25.9985,129.9533
-25.9985,129.9513
-25.9985,129.9493
-25.9985,129.9473
-25.9985,129.9453
-25.9985,129.9433
-25.9985,129.9413
-25.9985,129.9393
-25.9985,129.9373
-25.9985,129.9353
-25.9985,129.9333
-25.9985,129.9313
-25.9985,129.9293
-25.9985,129.9273
-25.9985,129.9253
-25.9985,129.9233
-25.9985,129.9213
-25.9985,129.9193
-25.9985,129.9173
-25.9985,129.9153
-25.9985,129.9133
-25.9985,129.9113
-25.9985,129.9093
-25.9985,129.9073
-25.9985,129.9053
-25.9985,129.9033
-25.9985,129.9013
-25.9985,129.8993
-25.9985,129.8973
-25.9985,129.8953
-25.9985,129.8933
-25.9985,129.8913
-25.9985,129.8893
-25.9985,129.8873
-25.9985,129.8853
-25.9985,129.8833
-25.9985,129.8813
-25.9985,129.8793
-25.9985,129.8773
-25.9985,129.8753
-25.9985,129.8733
-25.9985,129.8713
-25.9985,129.8693
-25.9985,129.8673
-25.9985,129.8653
-25.9985,129.8633
-25.9985,129.8613
-25.9985,129.8593
-25.9985,129.8573
-25.9985,129.8553
-25.9985,129.8533
-25.9985,129.8513
-25.9985,129.8493
-25.9985,129.8473
-25.9985,129.8453
-25.9985,129.8433
-25.9985,129.8413
-25.9985,129.8393
-25.9985,129.8373
-25.9985,129.8353
-25.9985,129.8333
-25.9985,129.8313
-25.9985,129.8293
-25.9985,129.8273
-25.9985,129.8253
-25.9985,129.8233
-25.9985,129.8213
-25.9985,129.8193
-25.9985,129.8173
-25.9985,129.8153
-25.9985,129.8133
-25.9985,129.8113
-25.9985,129.8093
-25.9985,129.8073
-25.9985,129.8053
-25.9985,129.8033
-25.9985,129.8013
-25.9985,129.7993
-25.9985,129.7973
-25.9985,129.7953
-25.9985,129.7933
-25.9985,129.7913
-25.9985,129.7893
-25.9985,129.7873
-25.9985,129.7853
-25.9985,129.7833
-25.9985,129.7813
-25.9985,129.7793
-25.9985,129.7773
-25.9985,129.7770
-25.9985,129.7753
-25.9985,129.7733
-25.9985,129.7713
-25.9985,129.7693
-25.9985,129.7673
-25.9985,129.7653
-25.9985,129.7633
-25.9985,129.7613
-25.9985,129.7593
-25.9985,129.7573
-25.9985,129.7553
-25.9985,129.7533
-25.9985,129.7513
-25.9985,129.7493
-25.9985,129.7473
-25.9985,129.7453
-25.9985,129.7433
-25.9985,129.7413
-25.9985,129.7393
-25.9985,129.7373
-25.9985,129.7353
-25.9985,129.7333
-25.9985,129.7313
-25.9985,129.7293
-25.9985,129.7273
-25.9985,129.7253
-25.9985,129.7233
-25.9985,129.7213
-25.9985,129.7193
-25.9985,129.7173
-25.9985,129.7153
-25.9985,129.7133
-25.9985,129.7113
-25.9985,129.7093
-25.9985,129.7073
-25.9985,129.7053
-25.9985,129.7033
-25.9985,129.7013
-25.9985,129.6993
-25.9985,129.6973
-25.9985,129.6953
-25.9985,129.6933
-25.9985,129.6913
-25.9985,129.6893
-25.9985,129.6873
-25.9985,129.6853
-25.9985,129.6833
-25.9985,129.6813
-25.9985,129.6793
-25.9985,129.6773
-25.9985,129.6753
-25.9985,129.6733
-25.9985,129.6713
-25.9985,129.6693
-25.9985,129.6673
-25.9985,129.6653
-25.9985,129.6633
-25.9985,129.6613
-25.9985,129.6593
-25.9985,129.6573
-25.9985,129.6553
-25.9985,129.6533
-25.9985,129.6513
-25.9985,129.6493
-25.9985,129.6473
-25.9985,129.6453
-25.9985,129.6433
-25.9985,129.6413
-25.9985,129.6393
-25.9985,129.6373
-25.9985,129.6353
-25.9985,129.6333
-25.9985,129.6313
-25.9985,129.6293
-25.9985,129.6273
-25.9985,129.6253
-25.9985,129.6233
-25.9985,129.6213
-25.9985,129.6193
-25.9985,129.6173
-25.9985,129.6153
-25.9985,129.6133
-25.9985,129.6113
-25.9985,129.6093
-25.9985,129.6073
-25.9985,129.6053
-25.9985,129.6033
-25.9985,129.6013
-25.9985,129.5993
-25.9985,129.5973
-25.9985,129.5953
-25.9985,129.5933
-25.9985,129.5913
-25.9985,129.5893
-25.9985,129.5873
-25.9985,129.5853
-25.9985,129.5833
-25.9985,129.5813
-25.9985,129.5793
-25.9985,129.5773
-25.9985,129.5753
-25.9985,129.5733
-25.9985,129.5713
-25.9985,129.5693
-25.9985,129.5673
-25.9985,129.5653
-25.9985,129.5633
-25.9985,129.5613
-25.9985,129.5593
-25.9985,129.5573
-25.9985,129.5553
-25.9985,129.5533
-25.9985,129.5513
-25.9985,129.5493
-25.9985,129.5473
-25.9985,129.5453
-25.9985,129.5433
-25.9985,129.5413
-25.9985,129.5393
-25.9985,129.5373
-25.9985,129.5353
-25.9985,129.5333
-25.9985,129.5313
-25.9985,129.5293
-25.9985,129.5273
-25.9985,129.5253
-25.9985,129.5233
-25.9985,129.5213
-25.9985,129.5193
-25.9985,129.5173
-25.9985,129.5153
-25.9985,129.5133
-25.9985,129.5113
-25.9985,129.5093
-25.9985,129.5073
-25.9985,129.5053
-25.9985,129.5033
-25.9985,129.5013
-25.9985,129.4993
-25.9985,129.4973
-25.9985,129.4953
-25.9985,129.4933
-25.9985,129.4913
-25.9985,129.4893
-25.9985,129.4873
-25.9985,129.4853
-25.9985,129.4833
-25.9985,129.4813
-25.9985,129.4793
-25.9985,129.4773
-25.9985,129.4753
-25.9985,129.4733
-25.9985,129.4713
-25.9985,129.4693
-25.9985,129.4673
-25.9985,129.4653
-25.9985,129.4633
-25.9985,129.4613
-25.9985,129.4593
-25.9985,129.4573
-25.9985,129.4553
-25.9985,129.4533
-25.9985,129.4513
-25.9985,129.4493
-25.9985,129.4473
-25.9985,129.4453
-25.9985,129.4433
-25.9985,129.4413
-25.9985,129.4393
-25.9985,129.4373
-25.9985,129.4358
-25.9985,129.4353
-25.9985,129.4333
-25.9985,129.4313
-25.9985,129.4293
-25.9985,129.4273
-25.9985,129.4253
-25.9985,129.4233
-25.9985,129.4213
-25.9985,129.4197
-25.9985,129.4036
-25.9986,129.3875
-25.9986,129.3715
-25.9986,129.3554
-25.9986,129.3393
-25.9986,129.3233
-25.9986,129.3072
-25.9986,129.2911
-25.9986,129.2750
-25.9986,129.2590
-25.9986,129.2429
-25.9986,129.2268
-25.9986,129.2107
-25.9986,129.1947
-25.9986,129.1786
-25.9986,129.1625
-25.9986,129.1465
-25.9986,129.1304
-25.9986,129.1143
-25.9986,129.0982
-25.9986,129.0822
-25.9986,129.0661
-25.9986,129.0500
-25.9986,129.0340
-25.9986,129.0179
-25.9986,129.0018
-25.9986,129.0013
-25.9986,129.0005
-25.9985,129.0005
-25.9152,129.0005
-25.8319,129.0006
-25.7486,129.0006
-25.6652,129.0006
-25.6611,129.0006
-25.5819,129.0006
-25.4153,129.0006
-25.3319,129.0006
-25.2486,129.0006
-25.1653,129.0006
-25.0819,129.0006
-24.9985,129.0013
-24.9155,129.0007
end
start,Lingiari
-12.4495,130.8186
-12.4370,130.8281
-12.4371,130.8281
-12.4375,130.8282
-12.4379,130.8282
-12.4385,130.8282
-12.4388,130.8282
-12.4391,130.8282
-12.4396,130.8281
-12.4398,130.8280
-12.4400,130.8279
-12.4405,130.8276
-12.4407,130.8275
-12.4409,130.8273
-12.4415,130.8268
-12.4419,130.8265
-12.4422,130.8263
-12.4429,130.8257
-12.4433,130.8255
-12.4436,130.8252
-12.4440,130.8247
-12.4442,130.8245
-12.4444,130.8243
-12.4447,130.8238
-12.4447,130.8238
-12.4448,130.8235
-12.4449,130.8233
-12.4451,130.8226
-12.4451,130.8224
-12.4461,130.8230
-12.4495,130.8186
end
start,Solomon
-12.4043,130.8138
-12.4042,130.8139
-12.4041,130.8140
-12.4040,130.8142
-12.4039,130.8143
-12.4038,130.8144
-12.4037,130.8146
-12.4035,130.8148
-12.4034,130.8149
-12.4032,130.8153
-12.4030,130.8156
-12.4028,130.8158
-12.4026,130.8162
-12.4025,130.8164
-12.4023,130.8167
-12.4021,130.8170
-12.4018,130.8176
-12.4018,130.8176
-12.4016,130.8179
-12.4014,130.8183
-12.4010,130.8189
-12.4008,130.8193
-12.4006,130.8196
-12.4001,130.8203
-12.4000,130.8205
-12.3998,130.8208
-12.3995,130.8212
-12.3993,130.8216
-12.3991,130.8219
-12.3986,130.8225
-12.3984,130.8228
-12.3982,130.8231
-12.3977,130.8236
-12.3976,130.8237
-12.3975,130.8239
-12.3972,130.8243
-12.3971,130.8244
-12.3969,130.8246
-12.3966,130.8250
-12.3965,130.8251
-12.3964,130.8253
-12.3962,130.8256
-12.3961,130.8257
-12.3960,130.8258
-12.3958,130.8261
-12.3955,130.8264
-12.3952,130.8266
-12.3946,130.8272
-12.3945,130.8274
-12.3943,130.8276
-12.3940,130.8280
-12.3937,130.8283
-12.3935,130.8285
-12.3931,130.8291
-12.3928,130.8294
-12.3928,130.8294
-12.3926,130.8296
-12.3921,130.8301
-12.3919,130.8303
-12.3917,130.8304
-12.3914,130.8307
-12.3913,130.8308
-12.3911,130.8309
-12.3908,130.8310
-12.3904,130.8311
-12.3899,130.8312
-12.3894,130.8312
-12.3890,130.8313
-12.3888,130.8313
-12.3886,130.8313
-12.3883,130.8314
-12.3879,130.8315
-12.3875,130.8316
-12.3868,130.8318
-12.3866,130.8319
-12.3864,130.8320
-12.3861,130.8322
-12.3858,130.8323
-12.3856,130.8325
-12.3851,130.8328
-12.3849,130.8329
-12.3848,130.8330
-12.3845,130.8333
-12.3841,130.8336
-12.3838,130.8338
-12.3831,130.8344
-12.3829,130.8345
-12.3827,130.8347
-12.3823,130.8349
-12.3820,130.8351
-12.3817,130.8353
-12.3812,130.8358
-12.3810,130.8359
-12.3809,130.8360
-12.3806,130.8362
-12.3805,130.8364
-12.3803,130.8366
-12.3801,130.8371
-12.3800,130.8373
-12.3798,130.8376
-12.3796,130.8380
-12.3794,130.8383
-12.3793,130.8386
-12.3789,130.8392
-12.3788,130.8394
-12.3787,130.8395
-12.3785,130.8398
-12.3783,130.8400
-12.3782,130.8402
-12.3778,130.8407
-12.3777,130.8409
-12.3775,130.8410
-12.3771,130.8414
-12.3769,130.8416
-12.3766,130.8417
-12.3761,130.8421
-12.3760,130.8422
-12.3758,130.8423
-12.3755,130.8425
-12.3754,130.8427
-12.3753,130.8428
-12.3750,130.8431
-12.3749,130.8432
-12.3748,130.8433
-12.3746,130.8434
-12.3745,130.8435
-12.3744,130.8436
-12.3741,130.8436
-12.3740,130.8436
-12.3739,130.8436
-12.3739,130.8436
-12.3738,130.8435
-12.3736,130.8434
-12.3735,130.8432
-12.3734,130.8428
-12.3732,130.8425
-12.3731,130.8421
-12.3728,130.8414
-12.3727,130.8411
-12.3726,130.8409
-12.3725,130.8403
-12.3725,130.8400
-12.3724,130.8397
-12.3724,130.8392
-12.3724,130.8390
-12.3724,130.8387
-12.3723,130.8383
-12.3723,130.8380
-12.3721,130.8378
-12.3719,130.8372
-12.3718,130.8370
-12.3717,130.8368
-12.3715,130.8364
-12.3714,130.8363
-12.3714,130.8361
-12.3713,130.8357
-12.3711,130.8350
-12.3711,130.8344
-12.3709,130.8331
-12.3709,130.8327
-12.3709,130.8323
-12.3708,130.8315
-12.3707,130.8310
-12.3707,130.8305
-12.3705,130.8295
-12.3705,130.8291
-12.3704,130.8287
-12.3702,130.8280
-12.3701,130.8277
-12.3701,130.8275
-12.3700,130.8269
-12.3699,130.8268
-12.3698,130.8266
-12.3695,130.8263
-12.3692,130.8261
-12.3689,130.8259
-12.3683,130.8257
-12.3681,130.8257
-12.3680,130.8256
-12.3678,130.8255
-12.3674,130.8254
-12.3671,130.8253
-12.3665,130.8251
-12.3663,130.8250
-12.3660,130.8249
-12.3656,130.8248
-12.3652,130.8247
-12.3649,130.8247
-12.3641,130.8246
-12.3638,130.8246
-12.3635,130.8246
-12.3629,130.8246
-12.3626,130.8247
-12.3622,130.8248
-12.3615,130.8251
-12.3613,130.8253
-12.3611,130.8254
-12.3607,130.8257
-12.3604,130.8260
-12.3602,130.8262
-12.3597,130.8268
-12.3595,130.8270
-12.3593,130.8273
-12.3588,130.8279
-12.3586,130.8282
-12.3585,130.8285
-12.3581,130.8292
-12.3580,130.8295
-12.3578,130.8298
-12.3576,130.8305
-12.3575,130.8308
-12.3574,130.8311
-12.3574,130.8318
-12.3575,130.8321
-12.3575,130.8323
-12.3577,130.8328
-12.3578,130.8332
-12.3580,130.8335
-12.3584,130.8342
-12.3587,130.8345
-12.3589,130.8349
-12.3594,130.8355
-12.3597,130.8358
-12.3599,130.8361
-12.3603,130.8366
-12.3604,130.8369
-12.3605,130.8371
-12.3606,130.8376
-12.3607,130.8378
-12.3607,130.8380
-12.3606,130.8385
-12.3605,130.8388
-12.3604,130.8390
-12.3600,130.8395
-12.3599,130.8397
-12.3596,130.8399
-12.3592,130.8402
-12.3590,130.8403
-12.3587,130.8404
-12.3582,130.8407
-12.3580,130.8408
-12.3578,130.8409
-12.3575,130.8413
-12.3574,130.8414
-12.3573,130.8416
-12.3571,130.8421
-12.3571,130.8423
-12.3571,130.8424
-12.3572,130.8428
-12.3573,130.8429
-12.3574,130.8431
-12.3578,130.8434
-12.3580,130.8434
-12.3582,130.8435
-12.3585,130.8435
-12.3588,130.8434
-12.3591,130.8433
-12.3597,130.8432
-12.3598,130.8432
-12.3600,130.8432
-12.3603,130.8432
-12.3604,130.8432
-12.3606,130.8433
-12.3607,130.8436
-12.3608,130.8437
-12.3608,130.8438
-12.3609,130.8441
-12.3609,130.8444
-12.3609,130.8446
-12.3609,130.8452
-12.3609,130.8454
-12.3608,130.8456
-12.3608,130.8461
-12.3607,130.8463
-12.3606,130.8465
-12.3604,130.8470
-12.3601,130.8474
-12.3598,130.8478
-12.3593,130.8486
-12.3591,130.8489
-12.3590,130.8493
-12.3587,130.8500
-12.3586,130.8503
-12.3586,130.8506
-12.3584,130.8511
-12.3583,130.8513
-12.3582,130.8514
-12.3580,130.8517
-12.3577,130.8519
-12.3575,130.8520
-12.3570,130.8522
-12.3567,130.8523
-12.3564,130.8524
-12.3559,130.8526
-12.3557,130.8527
-12.3555,130.8528
-12.3551,130.8530
-12.3549,130.8532
-12.3547,130.8534
-12.3545,130.8539
-12.3545,130.8541
-12.3546,130.8543
-12.3546,130.8546
-12.3447,130.8520
-12.3314,130.8719
-12.3239,130.8981
-12.3248,130.8983
-12.3261,130.9010
-12.3264,130.9015
-12.3276,130.9043
-12.3285,130.9063
-12.3292,130.9083
-12.3296,130.9095
-12.3300,130.9108
-12.3303,130.9122
-12.3304,130.9134
-12.3305,130.9147
-12.3306,130.9159
-12.3306,130.9171
-12.3306,130.9178
-12.3306,130.9186
-12.3306,130.9194
-12.3305,130.9198
-12.3305,130.9205
-12.3304,130.9210
-12.3303,130.9214
-12.3303,130.9217
-12.3301,130.9225
-12.3299,130.9231
-12.3298,130.9236
-12.3296,130.9242
-12.3295,130.9247
-12.3293,130.9254
-12.3290,130.9262
-12.3288,130.9270
-12.3286,130.9277
-12.3284,130.9283
-12.3282,130.9291
-12.3280,130.9298
-12.3278,130.9305
-12.3276,130.9311
-12.3275,130.9314
-12.3274,130.9321
-12.3272,130.9327
-12.3271,130.9333
-12.3270,130.9339
-12.3269,130.9344
-12.3267,130.9368
-12.3267,130.9378
-12.3267,130.9387
-12.3268,130.9394
-12.3272,130.9404
-12.3284,130.9423
-12.3288,130.9433
-12.3291,130.9443
-12.3292,130.9452
-12.3292,130.9458
-12.3292,130.9463
-12.3292,130.9470
-12.3291,130.9477
-12.3290,130.9485
-12.3289,130.9491
-12.3287,130.9498
-12.3286,130.9503
-12.3285,130.9507
-12.3284,130.9510
-12.3283,130.9514
-12.3281,130.9518
-12.3280,130.9522
-12.3279,130.9526
-12.3278,130.9531
-12.3277,130.9534
-12.3276,130.9537
-12.3275,130.9541
-12.3275,130.9544
-12.3275,130.9547
-12.3275,130.9550
-12.3275,130.9553
-12.3276,130.9556
-12.3276,130.9558
-12.3277,130.9561
-12.3278,130.9564
-12.3280,130.9567
-12.3282,130.9571
-12.3283,130.9574
-12.3285,130.9577
-12.3286,130.9579
-12.3286,130.9582
-12.3287,130.9584
-12.3287,130.9587
-12.3288,130.9590
-12.3288,130.9593
-12.3288,130.9597
-12.3287,130.9600
-12.3288,130.9603
-12.3288,130.9606
-12.3288,130.9609
-12.3289,130.9612
-12.3289,130.9615
-12.3290,130.9618
-12.3291,130.9622
-12.3292,130.9625
-12.3293,130.9628
-12.3294,130.9631
-12.3295,130.9634
-12.3296,130.9637
-12.3297,130.9641
-12.3298,130.9644
-12.3299,130.9647
-12.3300,130.9649
-12.3301,130.9653
-12.3301,130.9655
-12.3302,130.9658
-12.3303,130.9661
-12.3304,130.9664
-12.3305,130.9667
-12.3306,130.9670
-12.3308,130.9673
-12.3309,130.9676
-12.3310,130.9679
-12.3312,130.9682
-12.3313,130.9686
-12.3315,130.9689
-12.3317,130.9693
-12.3319,130.9697
-12.3321,130.9700
-12.3323,130.9703
-12.3325,130.9706
-12.3326,130.9709
-12.3328,130.9712
-12.3330,130.9714
-12.3332,130.9718
-12.3334,130.9723
-12.3336,130.9726
-12.3337,130.9730
-12.3340,130.9735
-12.3342,130.9740
-12.3345,130.9744
-12.3347,130.9748
-12.335,130.9751
-12.3352,130.9755
-12.3354,130.9758
-12.3356,130.9763
-12.3357,130.9767
-12.3359,130.9770
-12.3360,130.9775
-12.3361,130.9779
-12.3362,130.9784
-12.3362,130.9789
-12.3363,130.9793
-12.3363,130.9799
-12.3363,130.9803
-12.3363,130.9808
-12.3363,130.9812
-12.3363,130.9816
-12.3362,130.9821
-12.3362,130.9829
-12.3361,130.9836
-12.3360,130.9842
-12.3359,130.9847
-12.3358,130.9851
-12.3358,130.9855
-12.3358,130.9859
-12.3358,130.9863
-12.3359,130.9867
-12.3359,130.9871
-12.3360,130.9876
-12.3361,130.9879
-12.3362,130.9883
-12.3367,130.9907
-12.3372,130.9937
-12.3372,130.9964
-12.3368,130.9992
-12.3374,131.0022
-12.3384,131.0047
-12.3585,131.0364
-12.3599,131.0370
-12.3617,131.0370
-12.3655,131.0361
-12.3694,131.0356
-12.3738,131.0356
-12.3769,131.0361
-12.3784,131.0363
-12.3810,131.0363
-12.3829,131.0366
-12.3862,131.0378
-12.3873,131.0386
-12.3877,131.0396
-12.3874,131.0416
-12.3863,131.0439
-12.3852,131.0453
-12.3849,131.0465
-12.3852,131.0475
-12.3859,131.0479
-12.3868,131.0478
-12.3880,131.0472
-12.3894,131.0469
-12.3906,131.0472
-12.3914,131.0477
-12.3921,131.0479
-12.3934,131.0477
-12.3942,131.0475
-12.3954,131.0474
-12.3961,131.0471
-12.3968,131.0464
-12.3971,131.0459
-12.3973,131.0464
-12.3984,131.0467
-12.3989,131.0471
-12.4002,131.0486
-12.4004,131.0488
-12.4014,131.0488
-12.4048,131.0491
-12.4054,131.0488
-12.4058,131.0487
-12.4057,131.0489
-12.4051,131.0492
-12.4060,131.0503
-12.4067,131.0507
-12.4069,131.0509
-12.4070,131.0510
-12.4088,131.0514
-12.4089,131.0311
-12.4070,131.0319
-12.4030,131.0311
-12.3996,131.0317
-12.3978,131.0329
-12.3947,131.0324
-12.3945,131.0324
-12.3945,131.0251
-12.3947,131.0123
-12.4092,131.0125
-12.4601,131.0128
-12.4602,130.9833
-12.4679,130.9832
-12.4694,130.9832
-12.4728,130.9973
-12.4729,130.9974
-12.4731,130.9977
-12.4734,130.9981
-12.4730,130.9981
-12.4753,131.0002
-12.4800,131.0047
-12.4802,131.0048
-12.4804,131.0050
-12.4806,131.0052
-12.4808,131.0054
-12.4809,131.0056
-12.4811,131.0057
-12.4812,131.0059
-12.4814,131.0061
-12.4816,131.0063
-12.4826,131.0076
-12.4856,131.0115
-12.4858,131.0117
-12.4860,131.0120
-12.4862,131.0122
-12.4863,131.0124
-12.4863,131.0124
-12.4867,131.0128
-12.4869,131.0130
-12.4871,131.0132
-12.4881,131.0132
-12.4897,131.0132
-12.4954,131.0132
-12.4963,131.0132
-12.4961,131.0131
-12.4986,131.0131
-12.4994,131.0131
-12.5010,131.0132
-12.5022,131.0132
-12.5059,131.0132
-12.5108,131.0132
-12.5158,131.0132
-12.5207,131.0133
-12.5256,131.0133
-12.5256,131.0143
-12.5261,131.0143
-12.5272,131.0143
-12.5272,131.0143
-12.5272,131.0141
-12.5276,131.0131
-12.5286,131.0122
-12.5296,131.0122
-12.5306,131.0125
-12.5314,131.0118
-12.5316,131.0108
-12.5317,131.0106
-12.5317,131.0094
-12.5319,131.0091
-12.5337,131.0073
-12.5336,131.0070
-12.5333,131.0068
-12.5323,131.0067
-12.5325,131.0057
-12.5336,131.0039
-12.5341,131.0030
-12.5343,131.0016
-12.5345,131.0011
-12.5349,131.0001
-12.5352,130.9998
-12.5364,130.9994
-12.5376,130.9985
-12.5381,130.9964
-12.5377,130.9946
-12.5381,130.9924
-12.5386,130.9915
-12.5401,130.9907
-12.5428,130.9899
-12.5452,130.9882
-12.5471,130.9872
-12.5459,130.9855
-12.5449,130.9838
-12.5436,130.9812
-12.5419,130.9780
-12.5413,130.9769
-12.5393,130.974
-12.5365,130.9701
-12.5346,130.9669
-12.5337,130.9634
-12.5332,130.9602
-12.5340,130.9558
-12.5342,130.9529
-12.5342,130.9485
-12.5345,130.9462
-12.5345,130.9451
-12.5344,130.9439
-12.5340,130.9423
-12.5338,130.9415
-12.5334,130.9408
-12.5325,130.9392
-12.5319,130.9385
-12.5313,130.9378
-12.5299,130.9368
-12.5292,130.9364
-12.5285,130.9360
-12.5272,130.9357
-12.5265,130.9356
-12.5259,130.9355
-12.5245,130.9354
-12.5237,130.9353
-12.5230,130.9352
-12.5202,130.9350
-12.5188,130.9348
-12.5175,130.9345
-12.5147,130.9336
-12.5134,130.9331
-12.5121,130.9325
-12.5092,130.9313
-12.5078,130.9306
-12.5070,130.9303
-12.5064,130.9299
-12.5039,130.9286
-12.5028,130.9278
-12.5019,130.9269
-12.5010,130.9256
-12.5006,130.9248
-12.4998,130.9235
-12.4988,130.9216
-12.4978,130.9190
-12.4975,130.9173
-12.4974,130.9161
-12.4972,130.9136
-12.4973,130.9120
-12.4973,130.9110
-12.4978,130.9092
-12.4985,130.9074
-12.4995,130.9058
-12.5004,130.9041
-12.5013,130.9021
-12.5020,130.9004
-12.5031,130.8975
-12.5037,130.8959
-12.5039,130.8941
-12.5040,130.8933
-12.5040,130.8928
-12.5040,130.8922
-12.5040,130.8904
-12.5038,130.8885
-12.5034,130.8875
-12.5031,130.8866
-12.5029,130.8861
-12.5022,130.8848
-12.5001,130.8823
-12.4991,130.8814
-12.4985,130.8808
-12.4978,130.8802
-12.4970,130.8797
-12.4946,130.8781
-12.4928,130.8767
-12.4913,130.8756
-12.4893,130.8740
-12.4884,130.8731
-12.4877,130.8722
-12.4871,130.8713
-12.4868,130.8708
-12.4863,130.8698
-12.4857,130.8686
-12.4850,130.8666
-12.4849,130.8656
-12.4849,130.8634
-12.4850,130.8620
-12.4852,130.8603
-12.4853,130.8600
-12.4855,130.8595
-12.4859,130.8588
-12.4863,130.8581
-12.4873,130.8565
-12.4744,130.8564
-12.4744,130.8170
-12.4581,130.8169
-12.4541,130.8145
-12.4524,130.8150
-12.4521,130.8159
-12.4519,130.8165
-12.4511,130.8165
-12.4461,130.8230
-12.4451,130.8224
-12.4451,130.8226
-12.4449,130.8233
-12.4448,130.8235
-12.4447,130.8238
-12.4447,130.8238
-12.4444,130.8243
-12.4442,130.8245
-12.4440,130.8247
-12.4436,130.8252
-12.4433,130.8255
-12.4429,130.8257
-12.4422,130.8263
-12.4419,130.8265
-12.4415,130.8268
-12.4409,130.8273
-12.4407,130.8275
-12.4405,130.8276
-12.4400,130.8279
-12.4398,130.8280
-12.4396,130.8281
-12.4391,130.8282
-12.4388,130.8282
-12.4385,130.8282
-12.4379,130.8282
-12.4375,130.8282
-12.4371,130.8281
-12.4362,130.8279
-12.4360,130.8278
-12.4356,130.8276
-12.4350,130.8274
-12.4347,130.8273
-12.4344,130.8272
-12.4337,130.8271
-12.4335,130.8271
-12.4332,130.8272
-12.4328,130.8273
-12.4325,130.8273
-12.4323,130.8274
-12.4319,130.8277
-12.4317,130.8278
-12.4315,130.8280
-12.4311,130.8284
-12.4309,130.8286
-12.4307,130.8287
-12.4303,130.8290
-12.4300,130.8292
-12.4296,130.8293
-12.4290,130.8295
-12.4286,130.8296
-12.4286,130.8296
-12.4282,130.8297
-12.4275,130.8297
-12.4272,130.8298
-12.4272,130.8298
-12.4271,130.8298
-12.4266,130.8298
-12.4265,130.8298
-12.4258,130.8297
-12.4255,130.8297
-12.4252,130.8297
-12.4246,130.8297
-12.4244,130.8297
-12.4241,130.8296
-12.4237,130.8294
-12.4233,130.8292
-12.4230,130.8290
-12.4224,130.8286
-12.4222,130.8284
-12.4221,130.8282
-12.4218,130.8278
-12.4217,130.8276
-12.4216,130.8274
-12.4214,130.8270
-12.4213,130.8269
-12.4213,130.8267
-12.4212,130.8264
-12.4211,130.8262
-12.4210,130.8260
-12.4208,130.8256
-12.4207,130.8253
-12.4206,130.8250
-12.4205,130.8245
-12.4204,130.8242
-12.4203,130.8239
-12.4201,130.8234
-12.4199,130.8231
-12.4198,130.8228
-12.4195,130.8222
-12.4193,130.8220
-12.4192,130.8218
-12.4190,130.8213
-12.4189,130.8210
-12.4188,130.8207
-12.4185,130.8201
-12.4184,130.8198
-12.4183,130.8195
-12.4179,130.8190
-12.4178,130.8188
-12.4176,130.8186
-12.4173,130.8183
-12.4170,130.8182
-12.4168,130.8180
-12.4162,130.8177
-12.4161,130.8176
-12.4160,130.8175
-12.4157,130.8174
-12.4155,130.8174
-12.4153,130.8173
-12.4149,130.8171
-12.4148,130.8171
-12.4148,130.8170
-12.4146,130.8169
-12.4146,130.8169
-12.4145,130.8168
-12.4145,130.8167
-12.4144,130.8166
-12.4144,130.8165
-12.4144,130.8163
-12.4144,130.8163
-12.4143,130.8163
-12.4142,130.8162
-12.4141,130.8162
-12.4140,130.8162
-12.4138,130.8162
-12.4136,130.8162
-12.4134,130.8162
-12.4130,130.8162
-12.4128,130.8163
-12.4126,130.8163
-12.4122,130.8165
-12.4121,130.8165
-12.4119,130.8166
-12.4116,130.8166
-12.4115,130.8166
-12.4114,130.8166
-12.4112,130.8165
-12.4111,130.8165
-12.4110,130.8164
-12.4109,130.8162
-12.4107,130.8161
-12.4106,130.8159
-12.4104,130.8156
-12.4103,130.8153
-12.4101,130.8151
-12.4099,130.8148
-12.4097,130.8146
-12.4095,130.8144
-12.4091,130.8140
-12.4090,130.8139
-12.4089,130.8138
-12.4087,130.8136
-12.4086,130.8135
-12.4084,130.8134
-12.4081,130.8133
-12.4079,130.8131
-12.4077,130.8130
-12.4073,130.8127
-12.4071,130.8126
-12.4069,130.8126
-12.4066,130.8124
-12.4064,130.8124
-12.4063,130.8124
-12.4061,130.8124
-12.4060,130.8125
-12.4058,130.8125
-12.4056,130.8127
-12.4054,130.8129
-12.4053,130.8130
-12.4050,130.8133
-12.4048,130.8134
-12.4046,130.8136
-12.4043,130.8138
end
